n,gamma,eps,diameter,cover,omega_active,cover_margin,m
2,40.986675,1.0,81.89768432032234,1,0,-2.1316282072803006e-14,4
2,42.725014,1.0,116.4331441746058,1,0,-7.815970093361102e-14,4
2,6.648365,1.0,99.05141611969151,1,1,-1.1368683772161603e-13,3
2,18.34263,1.0,192.627294380491,1,0,0.0,4
2,38.160657,1.0,73.42955041760172,1,0,-2.842170943040401e-14,4
2,175.153242,1.0,196.4360099784668,0,1,-0.10061333871247768,4
2,65.167522,1.0,36.787081195000695,1,0,0.0,4
2,54.785549,1.0,71.70571204559086,1,0,0.0,4
2,171.039821,1.0,317.0006619766039,1,0,0.0,4
2,138.752086,1.0,73.58105854754238,1,0,0.0,4
2,51.192686,1.0,29.889952934915176,1,0,-8.881784197001252e-14,4
2,75.493119,1.0,58.84573906676102,1,0,0.0,4
2,62.853716,1.0,66.64671462354974,1,0,0.0,4
2,140.251701,1.0,83.68655403634787,1,1,0.0,5
2,37.320252,1.0,98.96663797931176,1,1,0.0,5
2,50.036644,1.0,79.40808715142087,1,1,-1.5631940186722204e-13,6
2,60.357462,1.0,61.50936628664887,1,1,-6.039613253960852e-14,6
2,86.841337,1.0,41.62697138832918,1,0,-1.1368683772161603e-13,4
2,74.46223,1.0,38.62531652878832,1,0,0.0,4
2,145.971447,1.0,71.91894170623677,1,0,-1.1368683772161603e-13,4
2,48.748665,1.0,60.62268648056329,1,1,-2.842170943040401e-14,6
2,75.385589,1.0,59.07599322132935,1,0,0.0,4
2,124.920399,1.0,52.28628214526832,1,0,0.0,4
2,37.451674,1.0,103.20915054895016,1,0,0.0,4
2,117.52345,1.0,26.757423655314675,1,0,-3.907985046680551e-14,4
2,42.160628,1.0,83.13157301229067,1,0,0.0,4
2,114.281652,1.0,58.501277086757135,1,1,-2.842170943040401e-14,6
2,45.370293,1.0,88.69034120589802,1,0,0.0,4
2,112.03426,1.0,53.695464749496274,1,0,-5.3290705182007514e-14,4
2,55.264096,1.0,47.711383119171,1,0,0.0,4
2,71.061961,1.0,64.20579618187826,1,0,0.0,4
2,80.098588,1.0,49.078633527982966,0,1,-0.23602035824192313,6
2,22.980348,1.0,86.0790080997528,1,1,-7.105427357601002e-15,5
2,121.009013,1.0,38.99639499176192,1,0,0.0,4
2,70.432175,1.0,56.976647653699445,1,0,-8.526512829121202e-14,4
2,178.788315,1.0,596.943392344601,0,1,-0.020643150820887968,8
2,89.262073,1.0,52.36591593098388,1,0,-4.618527782440651e-14,4
2,94.852661,1.0,36.7157253824352,1,0,-1.1368683772161603e-13,4
2,121.969826,1.0,55.12630618000001,1,0,-1.1368683772161603e-13,4
2,160.171076,1.0,175.96426779675554,1,0,-4.263256414560601e-14,4
2,134.398431,1.0,59.19254875925687,1,0,0.0,4
2,38.579079,1.0,53.622226767567135,1,1,-8.526512829121202e-14,6
2,15.265003,1.0,210.379681796392,1,0,0.0,4
2,104.743022,1.0,62.94794654408301,1,0,-2.842170943040401e-14,4
2,74.855674,1.0,42.15094518888509,1,0,-5.684341886080802e-14,4
2,101.578824,1.0,45.66199950486354,1,0,0.0,4
2,37.688755,1.0,41.72040477268153,1,0,-5.684341886080802e-14,4
2,171.148206,1.0,237.95852298588443,1,0,-1.4210854715202004e-14,4
2,87.899136,1.0,57.031951474022364,1,0,0.0,4
2,170.927778,1.0,282.0031741125436,1,0,0.0,4
2,34.197113,1.0,45.079431073907436,1,0,0.0,4
2,134.174649,1.0,95.80800051450264,1,0,0.0,4
2,0.877965,1.0,777.6067126808816,0,1,-0.03767421604118226,4
2,47.085488,1.0,68.2620286060515,1,0,0.0,4
2,153.735415,1.0,82.35642817837258,1,1,-1.4210854715202004e-14,6
2,175.878592,1.0,394.135139444156,1,0,-8.526512829121202e-14,4
2,86.298303,1.0,55.874555778571796,1,0,0.0,4
2,9.126315,1.0,234.5556466110028,1,0,0.0,4
2,146.790173,1.0,54.526220927974,1,0,-3.552713678800501e-14,4
2,74.541758,1.0,51.192926544090646,1,0,0.0,4
2,110.807755,1.0,57.86800953278126,1,0,-3.552713678800501e-15,4
2,74.823745,1.0,46.963135685689686,1,0,-1.1013412404281553e-13,4
2,141.045061,1.0,82.65151942683816,1,0,0.0,4
2,56.570644,1.0,75.50088309525688,1,0,0.0,4
2,38.417128,1.0,53.25401271421839,1,0,0.0,4
2,86.112686,1.0,21.81571655494846,1,0,-2.6645352591003757e-14,4
2,172.545511,1.0,210.4313138862853,1,1,-1.4210854715202004e-14,5
2,0.068752,1.0,576.7408240252984,1,1,0.0,4
2,96.71275,1.0,56.7585499288337,1,0,-4.973799150320701e-14,4
2,2.358436,1.0,963.9892120079543,1,1,-5.684341886080802e-14,6
2,90.767797,1.0,49.93298467170005,0,0,-0.4527134321176902,4
2,144.818257,1.0,69.38663582914667,1,0,-4.263256414560601e-14,4
2,148.99049,1.0,105.03654911329379,1,0,0.0,4
2,104.122377,1.0,63.926798989092354,1,0,0.0,4
2,61.926174,1.0,66.24587282235748,1,0,0.0,4
2,167.842627,1.0,261.0592582460725,1,1,-2.842170943040401e-14,6
2,136.163066,1.0,60.35503180259303,1,0,-4.618527782440651e-14,4
2,175.873372,1.0,510.02863406912826,1,1,-5.684341886080802e-14,3
2,50.588709,1.0,78.35942856508929,1,0,0.0,4
2,24.121819,1.0,185.3885212777015,1,0,0.0,4
2,157.103501,1.0,105.43863093427551,1,0,0.0,4
2,91.986666,1.0,49.76382294527407,0,0,-0.005534258852176066,4
2,15.528418,1.0,105.50493613161017,1,0,-2.1316282072803006e-14,4
2,97.685233,1.0,39.03666790894978,1,0,-1.4210854715202004e-14,4
2,68.863512,1.0,64.72634852665534,1,0,0.0,4
2,2.319488,1.0,542.2085297277602,1,1,-1.1368683772161603e-13,6
2,4.473309,1.0,440.02241661806033,1,0,0.0,4
2,17.046247,1.0,156.22289230545962,1,1,-9.947598300641403e-14,6
2,152.683054,1.0,117.39683763861389,1,0,0.0,4
2,108.468164,1.0,47.84533117214203,1,0,0.0,4
2,35.873176,1.0,79.89483628156451,0,1,-0.6676542075691927,5
2,177.726751,1.0,447.182034285113,1,1,0.0,3
2,74.525749,1.0,30.67028076849541,1,0,0.0,4
2,51.12562,1.0,30.7115993357522,1,0,-1.2434497875801753e-13,4
2,177.042258,1.0,486.83916933520317,0,1,-0.10121809844943641,6
2,3.293113,1.0,632.5967730048574,1,1,-5.684341886080802e-14,7
2,57.922334,1.0,55.95369157877826,1,1,-1.4210854715202004e-14,7
2,159.711438,1.0,196.1496631638104,1,0,-4.263256414560601e-14,4
2,163.728505,1.0,215.58771895921316,1,0,-2.842170943040401e-14,4
2,6.690666,1.0,79.40311824274812,1,1,-1.4210854715202004e-14,5
2,112.345032,1.0,38.36031596342181,1,0,-3.552713678800501e-14,4
2,12.447634,1.0,245.36838262322593,1,0,0.0,4
2,33.282856,1.0,69.69999906749536,1,0,-2.1316282072803006e-14,4
2,176.731627,1.0,248.80605851833653,1,0,-9.947598300641403e-14,4
2,105.459049,1.0,38.891973073943724,1,0,0.0,4
2,135.984478,1.0,92.739725852519,1,0,0.0,4
2,45.835734,1.0,78.9056430742933,1,0,-1.4210854715202004e-14,4
2,48.581018,1.0,52.87041604971031,1,0,-3.197442310920451e-14,4
2,4.842438,1.0,399.632240234373,1,0,-5.684341886080802e-14,4
2,32.523229,1.0,89.9416764217152,1,0,-5.684341886080802e-14,4
2,65.147836,1.0,58.817046664731016,1,1,-3.907985046680551e-14,6
2,153.199868,1.0,107.2107664356376,1,0,-1.4210854715202004e-14,4
2,128.35,1.0,62.346845937520115,1,0,0.0,4
2,87.07807,1.0,24.227279537402314,1,0,0.0,4
2,70.289856,1.0,43.708343555441246,1,0,0.0,4
2,22.000931,1.0,118.62841539655632,1,0,-5.684341886080802e-14,4
2,26.086841,1.0,77.31354512508918,1,0,0.0,4
2,0.863305,1.0,1052.7259807906357,0,1,-0.17468006204285302,3
2,130.720186,1.0,64.9647289329823,1,0,-9.947598300641403e-14,4
2,66.05071,1.0,44.91271876386965,1,0,-2.842170943040401e-14,4
2,105.875269,1.0,40.973322359974496,1,0,-5.684341886080802e-14,4
2,72.022444,1.0,55.378211213604935,1,0,-6.039613253960852e-14,4
2,17.692882,1.0,162.48451413030944,1,1,0.0,6
2,22.081934,1.0,144.9446204587151,1,0,-5.684341886080802e-14,4
2,125.9879,1.0,58.460764726640114,1,0,-5.684341886080802e-14,4
2,159.958166,1.0,143.45944162072558,1,0,0.0,4
2,41.087288,1.0,79.27707297074562,1,0,-4.973799150320701e-14,4
2,61.710228,1.0,43.42135780647993,1,0,0.0,4
2,156.806886,1.0,131.6918867906746,1,0,-7.105427357601002e-14,4
2,96.402201,1.0,46.45527693526085,1,0,0.0,4
2,95.631959,1.0,46.76960088199338,1,0,-4.973799150320701e-14,4
2,54.775892,1.0,65.65565955697447,1,1,-4.263256414560601e-14,6
2,113.469789,1.0,51.86033239438163,1,0,-5.3290705182007514e-14,4
2,67.120837,1.0,26.122407518317143,1,0,-1.9539925233402755e-14,4
2,87.288991,1.0,39.78087836249795,1,0,-1.4210854715202004e-14,4
2,12.671187,1.0,240.44592071347165,1,1,0.0,6
2,111.089506,1.0,36.57298259643565,1,0,-5.684341886080802e-14,4
2,11.694013,1.0,191.71751857299415,1,1,0.0,6
2,14.803049,1.0,244.53552273621833,1,0,-1.1368683772161603e-13,4
2,95.981053,1.0,40.4309066948842,1,0,-5.684341886080802e-14,4
2,90.146416,1.0,46.91341512441646,0,0,-0.7236218605863094,4
2,3.234747,1.0,601.2052136117967,0,1,-0.0797438855295809,6
2,144.705696,1.0,41.0171583452408,1,0,0.0,4
2,77.66317,1.0,52.114994420998684,1,0,-1.7763568394002505e-14,4
2,114.759365,1.0,50.62883461071427,1,0,-1.1013412404281553e-13,4
2,111.132144,1.0,53.426689529562786,1,0,-4.263256414560601e-14,4
2,31.091631,1.0,91.72507195198165,1,0,-1.4210854715202004e-14,4
2,22.27035,1.0,142.63467336079725,1,0,0.0,4
2,31.465727,1.0,50.054916588288336,1,0,-9.237055564881302e-14,4
2,112.84652,1.0,23.64573834032609,1,0,0.0,4
2,32.279533,1.0,51.79310845888262,1,1,0.0,5
2,140.697472,1.0,84.41203549424851,1,0,0.0,4
2,116.332538,1.0,51.80646609454585,1,0,-2.4868995751603507e-14,4
2,51.823554,1.0,60.355555424984416,1,0,-1.1013412404281553e-13,4
2,24.91161,1.0,165.48451841565463,1,1,-4.263256414560601e-14,6
2,49.534107,1.0,55.24092265683226,1,0,-5.684341886080802e-14,4
2,22.214349,1.0,137.6429256942627,1,0,0.0,4
2,103.412621,1.0,55.135726487433246,1,0,0.0,4
2,161.297172,1.0,153.2635523291512,1,0,0.0,4
2,100.617552,1.0,50.673873717204366,1,0,-6.039613253960852e-14,4
2,63.934825,1.0,56.38874059356915,1,0,-1.1368683772161603e-13,4
2,67.377773,1.0,61.218657699879635,1,1,-1.1013412404281553e-13,5
2,37.884665,1.0,74.06745058068516,1,0,0.0,4
2,135.126729,1.0,71.09529373674629,1,0,-5.684341886080802e-14,4
2,15.792938,1.0,182.88593222583873,1,1,0.0,7
2,42.009012,1.0,108.08321203267346,1,0,0.0,4
2,35.555375,1.0,69.9160568595782,1,0,0.0,4
2,34.667731,1.0,90.16797172030945,1,0,0.0,4
2,128.545317,1.0,77.71315218468166,1,0,0.0,4
2,37.270445,1.0,63.034453670973484,1,0,-7.105427357601002e-15,4
2,22.717071,1.0,98.36204974115633,1,1,-9.237055564881302e-14,4
2,26.784626,1.0,66.01571076773996,0,1,-0.44560117935118626,4
2,126.368774,1.0,43.424779851529415,1,0,-3.552713678800501e-15,4
2,120.012929,1.0,41.64977382670047,1,0,-3.552713678800501e-15,4
2,22.249981,1.0,133.26454926813133,1,1,-9.947598300641403e-14,5
2,76.518168,1.0,62.11341216221249,1,0,0.0,4
2,70.045293,1.0,39.56078292708195,1,0,-1.0658141036401503e-13,4
2,165.498718,1.0,189.45641239454736,1,0,0.0,4
2,63.238147,1.0,46.21712200556403,1,0,-3.552713678800501e-15,4
2,157.32591,1.0,184.73106757191596,1,0,0.0,4
2,29.922948,1.0,104.10494130811189,1,0,-8.526512829121202e-14,4
2,86.710942,1.0,36.72903900735017,1,0,-5.684341886080802e-14,4
2,6.894213,1.0,407.60003254446144,1,1,-5.684341886080802e-14,6
2,55.948241,1.0,51.05193003783218,1,0,0.0,4
2,61.185808,1.0,62.34171026585045,1,0,-1.1013412404281553e-13,4
2,127.239519,1.0,22.786364779945206,1,0,-3.907985046680551e-14,4
2,75.710567,1.0,32.79877704517383,1,0,-1.2789769243681803e-13,4
2,84.558548,1.0,54.39356640311696,1,0,0.0,4
2,141.592472,1.0,95.02601950408219,1,0,0.0,4
2,53.755894,1.0,51.243706762195735,1,0,0.0,4
2,59.485713,1.0,54.361055327828666,1,0,-1.0302869668521453e-13,4
2,167.924167,1.0,306.88553060838353,1,0,0.0,4
2,4.218367,1.0,551.4544474730924,1,1,-5.684341886080802e-14,5
2,36.107583,1.0,94.4628542247411,1,1,0.0,6
2,85.358106,1.0,41.9539316057366,1,0,-9.237055564881302e-14,4
2,95.099347,1.0,19.987796480678497,1,0,-2.1316282072803006e-14,4
2,45.020669,1.0,69.02461141650335,1,0,-2.842170943040401e-14,4
2,98.343378,1.0,47.18912951587147,0,1,-0.384233824104502,6
2,85.868352,1.0,51.65598311676443,1,0,0.0,4
2,125.395453,1.0,74.92807491707498,1,0,-1.4210854715202004e-14,4
2,55.664663,1.0,59.1155185648233,1,0,-3.552713678800501e-15,4
2,51.144247,1.0,37.63833372041864,1,0,-3.552713678800501e-15,4
2,15.33163,1.0,60.58282267351208,1,1,-1.4210854715202004e-14,4
2,154.70797,1.0,97.30972470917457,1,0,-4.263256414560601e-14,4
2,10.274063,1.0,255.1968444149828,1,1,0.0,6
2,119.25785,1.0,21.249770423218582,1,0,0.0,4
2,75.938209,1.0,55.194558017805065,1,0,-1.7763568394002505e-14,4
2,90.545577,1.0,30.993240180227932,0,0,-0.3770810705397931,4
2,163.690643,1.0,95.34455317714239,0,1,-0.29035735466702306,6
2,44.066924,1.0,43.85162796123163,1,0,-1.0302869668521453e-13,4
2,129.475304,1.0,55.5681282137409,1,0,-4.973799150320701e-14,4
2,168.693466,1.0,267.10943943677717,1,0,0.0,4
2,89.88458,1.0,33.755017728115256,1,0,-3.552713678800501e-14,4
2,134.849745,1.0,81.03698231018858,1,0,-1.4210854715202004e-14,4
2,80.82414,1.0,62.149041466463984,1,0,0.0,4
2,131.186804,1.0,36.445246691295374,1,0,0.0,4
2,50.505301,1.0,74.24827454291804,1,0,0.0,4
2,133.409376,1.0,44.402765488873385,1,0,-1.0658141036401503e-14,4
2,11.532815,1.0,270.7787576001347,1,0,0.0,4
2,1.127818,1.0,574.9738285590448,1,1,0.0,5
2,5.598573,1.0,460.87725718094094,1,0,-2.842170943040401e-14,4
2,104.489317,1.0,48.68677558941057,1,0,-4.973799150320701e-14,4
2,67.340175,1.0,66.114228968781,1,0,0.0,4
2,179.331861,1.0,1090.6429292236176,1,1,0.0,6
2,35.074613,1.0,56.40788488116329,1,0,-3.907985046680551e-14,4
2,166.236067,1.0,298.0853099305881,1,0,0.0,4
2,87.104596,1.0,51.17827933760713,1,0,-2.4868995751603507e-14,4
2,52.578572,1.0,77.05473852859261,1,1,0.0,5
2,6.326795,1.0,636.6355058147894,1,1,0.0,5
2,150.452431,1.0,45.13667482598841,1,0,-1.7763568394002505e-14,4
2,3.899402,1.0,425.2320795068565,0,1,-0.44813241402727044,7
2,4.140527,1.0,269.52762021445625,0,1,-0.23677781002737674,5
2,1.929776,1.0,533.7868275559555,0,1,-0.007142265987909013,5
2,116.585321,1.0,69.68826513910079,1,0,0.0,4
2,163.845015,1.0,222.52199541903522,1,0,0.0,4
2,115.108474,1.0,50.68930283551616,1,0,0.0,4
2,162.562102,1.0,175.8906827690643,1,0,-4.263256414560601e-14,4
2,74.841645,1.0,65.44496973418872,1,0,-1.4210854715202004e-14,4
2,68.144299,1.0,67.08279736172024,1,0,-7.105427357601002e-15,4
2,72.930007,1.0,33.74763780048571,1,0,-1.1013412404281553e-13,4
2,91.378654,1.0,48.4946961044043,0,1,-0.419156208679631,6
2,21.474419,1.0,93.08893206045737,1,1,-1.0658141036401503e-13,5
2,29.908723,1.0,93.43748197329576,1,0,-2.1316282072803006e-14,4
2,121.907925,1.0,67.27068963815644,1,0,-4.973799150320701e-14,4
2,121.211855,1.0,72.07365307206682,1,0,-1.4210854715202004e-14,4
2,63.807669,1.0,37.60556315330843,1,0,0.0,4
2,126.121012,1.0,74.81219618329051,1,0,0.0,4
2,78.521097,1.0,46.015712455152865,1,0,-7.815970093361102e-14,4
2,158.383691,1.0,143.07300752695483,1,0,-4.263256414560601e-14,4
2,110.779158,1.0,56.1560111084467,1,0,-4.973799150320701e-14,4
2,76.162962,1.0,43.54436293776948,1,0,0.0,4
2,132.855569,1.0,59.22848391040214,1,1,0.0,6
2,48.807092,1.0,55.8352426900365,1,0,-2.4868995751603507e-14,4
2,9.248258,1.0,322.0176973022972,1,1,0.0,6
2,53.424777,1.0,57.78258043184854,1,1,0.0,7
2,128.392986,1.0,65.46844456168579,1,0,-7.105427357601002e-15,4
2,50.368405,1.0,83.55902970255522,1,0,-1.1368683772161603e-13,4
2,124.665478,1.0,64.4133832389818,1,0,-8.526512829121202e-14,4
2,163.835718,1.0,186.26591749249187,1,1,-7.105427357601002e-14,6
2,86.901241,1.0,14.639043631985212,1,0,-1.092459456231154e-13,4
2,79.497145,1.0,46.28276680335091,1,0,0.0,4
2,139.982981,1.0,120.68621229132013,1,0,-2.842170943040401e-14,4
2,13.032926,1.0,222.5577896998992,1,1,-4.263256414560601e-14,7
2,5.688454,1.0,383.14853218974156,1,1,-2.842170943040401e-14,6
2,90.599381,1.0,23.15694549193465,0,0,-0.23307070334590385,4
2,23.857558,1.0,75.39842307878013,1,0,-1.4210854715202004e-14,4
2,106.644394,1.0,24.19069990001404,1,0,-3.552713678800501e-15,4
2,162.115694,1.0,110.164517782043,1,0,-7.105427357601002e-15,4
2,78.858077,1.0,36.048474428630136,1,0,-1.2434497875801753e-13,4
2,41.217839,1.0,94.33865048879277,1,0,0.0,4
2,175.432504,1.0,464.0324007441024,1,0,0.0,4
2,38.934335,1.0,58.751367979359024,1,0,-5.684341886080802e-14,4
2,16.408065,1.0,202.07130410670533,1,1,0.0,5
2,159.920311,1.0,103.51017607304155,1,1,-1.4210854715202004e-14,5
2,22.25503,1.0,110.61411593910132,1,0,-2.842170943040401e-14,4
2,15.245284,1.0,183.7174943130321,1,0,-2.842170943040401e-14,4
2,130.126305,1.0,92.2618156810135,1,0,-2.1316282072803006e-14,4
2,151.798856,1.0,147.11080525330695,1,1,0.0,6
2,132.556001,1.0,85.4305044982733,1,1,-7.815970093361102e-14,5
2,71.832702,1.0,55.63686588051332,1,1,-1.1013412404281553e-13,5
2,25.765719,1.0,101.67685283213241,1,1,-2.842170943040401e-14,4
2,169.105913,1.0,194.0269911784586,1,0,-2.842170943040401e-14,4
2,63.716237,1.0,42.5627841747453,1,0,0.0,4
2,39.065468,1.0,87.63894894578317,1,0,0.0,4
2,107.632684,1.0,43.48181991310556,1,0,0.0,4
2,118.78006,1.0,83.14491919989129,1,0,0.0,4
2,150.157782,1.0,119.57546497300358,1,0,-1.4210854715202004e-14,4
2,65.227492,1.0,75.122351015519,1,0,0.0,4
2,11.253988,1.0,169.72225227662614,1,1,-1.4210854715202004e-14,6
2,16.189034,1.0,214.81571094953915,1,0,0.0,4
2,31.449925,1.0,60.436977900387205,1,0,-6.394884621840902e-14,4
2,161.599427,1.0,136.29426721762943,1,0,-5.684341886080802e-14,4
2,153.852342,1.0,154.96214782139282,1,0,-8.526512829121202e-14,4
2,124.61506,1.0,36.834961345314206,1,1,-5.684341886080802e-14,4
2,67.594248,1.0,22.521314963001842,1,0,-3.197442310920451e-14,4
2,9.259677,1.0,159.53652593998297,1,1,-1.4210854715202004e-14,3
2,143.420935,1.0,108.80730366828708,1,0,-4.973799150320701e-14,4
2,170.766322,1.0,226.7027633130352,1,0,-9.947598300641403e-14,4
2,106.776622,1.0,48.64833103885491,1,0,0.0,4
2,52.417788,1.0,93.78779291786825,1,0,0.0,4
2,165.109065,1.0,210.04729424872835,1,0,-8.526512829121202e-14,4
2,123.109981,1.0,74.55186369129275,1,0,-7.105427357601002e-15,4
2,61.814,1.0,48.959162566099074,1,0,-3.552713678800501e-15,4
2,110.464046,1.0,25.004169931152177,1,0,-4.973799150320701e-14,4
2,20.820048,1.0,112.3078863428187,1,0,-1.4210854715202004e-14,4
2,11.747736,1.0,318.5394040848716,1,0,-5.684341886080802e-14,4
2,145.814017,1.0,81.05142019896891,1,1,-3.552713678800501e-14,6
2,47.208106,1.0,65.8967764051013,1,0,0.0,4
2,43.971119,1.0,68.31304592059291,1,0,-9.947598300641403e-14,4
2,150.916861,1.0,64.18055914282478,1,0,0.0,4
2,8.530652,1.0,210.14670627838322,1,0,-2.842170943040401e-14,4
2,117.185575,1.0,48.166365893840236,1,0,-5.684341886080802e-14,4
2,15.327638,1.0,245.61307737893665,1,0,-9.947598300641403e-14,4
2,94.372674,1.0,53.74824838590699,1,0,-1.2079226507921703e-13,4
2,104.778795,1.0,60.4238040622947,1,0,0.0,4
2,0.52248,1.0,558.9794365450549,1,1,-1.1368683772161603e-13,4
2,91.186292,1.0,58.53014401084241,0,0,-0.4177482176153866,4
2,28.393763,1.0,86.75208017841668,1,0,0.0,4
2,121.192727,1.0,34.35713885455241,1,0,-6.394884621840902e-14,4
2,125.362031,1.0,71.35172515076917,1,0,-9.947598300641403e-14,4
2,109.218136,1.0,41.93634928181301,1,0,-2.842170943040401e-14,4
2,123.780775,1.0,32.2964835979193,1,0,0.0,4
2,20.721947,1.0,107.51024462194289,1,0,-1.1368683772161603e-13,4
2,26.344575,1.0,69.5602443048133,1,0,-7.105427357601002e-15,4
2,38.239001,1.0,72.79402362176269,1,0,0.0,4
2,60.484854,1.0,70.86862406499043,1,0,-2.1316282072803006e-14,4
2,21.419854,1.0,95.49265487620251,1,1,-9.237055564881302e-14,6
2,172.53724,1.0,388.74853285731746,1,0,0.0,4
2,82.294745,1.0,47.048470125380966,1,0,-3.552713678800501e-15,4
2,87.179227,1.0,41.067150660886824,1,0,0.0,4
2,41.411108,1.0,77.93709810162512,1,1,-1.0658141036401503e-13,6
2,150.806889,1.0,168.92550794779615,1,0,-2.842170943040401e-14,4
2,59.212094,1.0,22.639955640998323,1,0,-4.085620730620576e-14,4
2,137.207131,1.0,45.70905103867469,1,0,-8.881784197001252e-14,4
2,174.32221,1.0,380.95559578035835,1,0,0.0,4
2,84.418858,1.0,53.11055161078583,1,0,0.0,4
2,19.375916,1.0,133.26653961778652,1,0,0.0,4
2,38.644636,1.0,106.74056523343798,1,1,-3.552713678800501e-14,6
2,44.851272,1.0,74.93269160012156,1,0,-2.842170943040401e-14,4
2,39.479123,1.0,40.77071810888326,1,0,-1.1368683772161603e-13,4
2,99.791639,1.0,23.042445374831075,1,0,-4.796163466380676e-14,4
2,26.016775,1.0,62.10501555199638,0,1,-0.2760990864437751,4
2,108.812507,1.0,61.824685013635516,1,0,-3.552713678800501e-14,4
2,83.443304,1.0,26.0766846111099,1,0,0.0,4
2,119.167036,1.0,25.775670277974164,1,0,-4.085620730620576e-14,4
2,10.37773,1.0,347.91781315326017,1,1,-2.842170943040401e-14,5
2,31.422092,1.0,116.58525748532068,1,0,-2.1316282072803006e-14,4
2,129.62937,1.0,37.694270184630675,1,0,-1.7763568394002505e-14,4
2,152.739297,1.0,110.0519212943909,1,1,-1.4210854715202004e-14,6
2,25.120258,1.0,74.63087077655621,1,0,0.0,4
2,91.311318,1.0,34.39713948644603,0,0,-0.09864817246378266,4
2,129.57409,1.0,84.74951659750928,1,1,0.0,5
2,1.988133,1.0,567.1732781458808,1,1,-5.684341886080802e-14,5
2,36.029599,1.0,119.2442291941783,1,0,-7.815970093361102e-14,4
2,32.986789,1.0,88.2547113498007,1,1,0.0,5
2,173.77767,1.0,383.1343114298553,1,1,0.0,6
2,76.807336,1.0,62.61669219134607,1,0,-3.197442310920451e-14,4
2,93.182995,1.0,20.499357730394152,1,0,-2.6645352591003757e-14,4
2,65.640325,1.0,54.03237395534902,1,0,-3.552713678800501e-14,4
2,34.049097,1.0,113.75031371531607,1,0,-5.684341886080802e-14,4
2,154.807571,1.0,136.01412393604707,1,0,0.0,4
2,52.105841,1.0,78.81980472977793,1,1,0.0,5
2,49.850634,1.0,53.76357973449155,1,0,0.0,4
2,162.150752,1.0,209.09558466806968,1,0,0.0,4
2,150.430637,1.0,98.96992657629951,1,0,-4.973799150320701e-14,4
2,99.921486,1.0,51.47384214675401,0,1,-0.2576445430943224,6
2,177.148263,1.0,691.7688020334962,0,1,-0.02427086824059188,6
2,65.139927,1.0,42.97609186234749,1,0,-2.842170943040401e-14,4
2,27.45395,1.0,47.94446820658198,1,0,0.0,4
2,43.819148,1.0,73.47008380369604,1,0,0.0,4
2,16.479513,1.0,187.36297411717354,1,0,0.0,4
2,17.524027,1.0,193.22575008130732,1,0,0.0,4
2,1.102582,1.0,294.46160365440113,1,1,-8.526512829121202e-14,4
2,176.844928,1.0,280.95994473023916,1,1,-8.526512829121202e-14,3
2,20.071044,1.0,210.67447036820127,1,0,0.0,4
2,12.05215,1.0,193.29459715730746,1,0,0.0,4
2,96.657697,1.0,45.78824182244236,1,0,-1.0658141036401503e-14,4
2,64.330386,1.0,51.92819962977155,1,0,0.0,4
2,13.173664,1.0,290.70857887914224,1,1,-2.842170943040401e-14,5
2,71.7761,1.0,53.017547279937965,0,1,-0.46659771560679886,6
2,29.705341,1.0,99.53147985967952,1,0,-4.263256414560601e-14,4
2,173.65251,1.0,358.66796529430246,1,0,-1.1368683772161603e-13,4
2,28.795028,1.0,76.34464945968875,1,0,-2.842170943040401e-14,4
2,0.837787,1.0,581.3992458602414,1,1,0.0,5
2,78.629423,1.0,24.217422818313164,1,0,-5.3290705182007514e-14,4
2,80.699332,1.0,45.00947430598218,1,0,0.0,4
2,40.071035,1.0,98.95888569282418,1,0,-7.815970093361102e-14,4
2,144.565197,1.0,94.47560856637475,1,0,-5.684341886080802e-14,4
2,107.419379,1.0,30.64742014975128,1,0,-4.263256414560601e-14,4
2,57.75014,1.0,81.97158976733483,1,0,0.0,4
2,27.002071,1.0,90.21507578981561,1,0,-7.105427357601002e-14,4
2,156.267679,1.0,84.23864591186066,1,0,-7.105427357601002e-15,4
2,71.358539,1.0,42.985724133194786,1,1,-1.0658141036401503e-14,7
2,172.612444,1.0,355.1073648663213,1,0,0.0,4
2,160.106357,1.0,124.85998178898159,1,1,-4.263256414560601e-14,5
2,7.105826,1.0,395.8828043970149,1,0,0.0,4
2,0.051724,1.0,389.53689511795443,1,1,-5.684341886080802e-14,4
2,77.019975,1.0,28.21082674173617,1,0,0.0,4
2,4.531762,1.0,473.6311301925179,1,1,-2.842170943040401e-14,6
2,19.613807,1.0,165.1004210602156,1,1,-1.1368683772161603e-13,5
2,107.423998,1.0,44.08348530255874,1,0,-3.197442310920451e-14,4
2,136.857044,1.0,56.2137950919887,1,0,0.0,4
2,90.247835,1.0,49.80799319078891,0,0,-0.3099315833734302,4
2,18.568297,1.0,56.33459687134672,1,1,0.0,4
2,11.47996,1.0,64.28233765748755,1,1,0.0,5
2,174.425725,1.0,684.662440054457,1,1,0.0,7
2,51.945093,1.0,35.174732297527505,1,0,0.0,4
2,139.083688,1.0,84.79655993003206,1,0,-3.552713678800501e-14,4
2,103.28317,1.0,64.4906497323189,1,0,0.0,4
2,155.642666,1.0,100.27527883070309,1,0,-5.684341886080802e-14,4
2,87.208459,1.0,34.16642688090329,1,0,-4.973799150320701e-14,4
2,78.537277,1.0,35.36352812832552,1,0,-5.3290705182007514e-14,4
2,105.387832,1.0,51.73374332660255,1,0,0.0,4
2,0.59325,1.0,601.3075375637071,1,1,-5.684341886080802e-14,4
2,139.252321,1.0,43.180032822766336,1,0,0.0,4
2,16.645559,1.0,162.14951066133708,1,0,-2.842170943040401e-14,4
2,6.794766,1.0,430.3565968437278,1,1,-5.684341886080802e-14,6
2,60.98047,1.0,45.50125643957901,1,0,-7.105427357601002e-15,4
2,75.198226,1.0,39.72780787747511,1,0,0.0,4
2,120.966901,1.0,54.67287524588673,1,0,-7.815970093361102e-14,4
2,125.069932,1.0,58.78102453251871,1,0,-7.105427357601002e-15,4
2,55.635389,1.0,89.96699155602991,1,0,0.0,4
2,179.030364,1.0,701.8355415524344,1,1,0.0,4
2,22.520362,1.0,112.03028781522941,1,0,0.0,4
2,40.945349,1.0,42.98531808780544,0,1,-0.27583989474616644,4
2,44.698572,1.0,84.55635933318017,1,0,-4.263256414560601e-14,4
2,85.33714,1.0,46.12843258801108,1,0,0.0,4
2,4.400421,1.0,583.4829123349581,1,1,-5.684341886080802e-14,6
2,21.265818,1.0,146.37443262753206,1,0,0.0,4
2,125.348374,1.0,42.55548064110988,1,0,0.0,4
2,49.417285,1.0,63.76273628579954,1,0,-7.105427357601002e-15,4
2,75.403957,1.0,62.78283229243229,1,0,0.0,4
2,112.868328,1.0,46.125317868644274,1,0,0.0,4
2,90.69844,1.0,33.8841486265915,0,0,-0.2920421030073648,4
2,11.015294,1.0,75.15937194618942,0,1,-0.13181336757926942,4
2,174.130815,1.0,545.6674647779137,1,0,0.0,4
2,136.019733,1.0,76.45240106432846,1,0,0.0,4
2,38.061186,1.0,79.6331558376965,1,0,-5.684341886080802e-14,4
2,5.36217,1.0,606.3924425413179,1,0,0.0,4
2,71.288252,1.0,40.611278156300195,1,0,-3.552713678800501e-15,4
2,28.800065,1.0,62.59976304309405,1,1,-1.0658141036401503e-14,4
2,2.384118,1.0,321.49361484473286,0,1,-0.2337663238891423,5
2,31.479826,1.0,94.06342213383039,1,0,0.0,4
2,119.195691,1.0,49.776238882583364,1,0,0.0,4
2,173.133993,1.0,250.89786180922536,1,0,-2.842170943040401e-14,4
2,115.489027,1.0,44.817692628558866,1,0,-7.460698725481052e-14,4
2,27.60886,1.0,116.1035510294378,1,0,0.0,4
2,28.156072,1.0,75.27936750064848,1,0,0.0,4
2,49.714515,1.0,90.49296507890074,1,0,-2.1316282072803006e-14,4
2,98.103972,1.0,60.235907595810396,1,0,-2.4868995751603507e-14,4
2,76.694243,1.0,50.07719126118659,1,0,-3.552713678800501e-15,4
2,34.548487,1.0,103.46419797208138,1,0,-4.263256414560601e-14,4
2,3.67981,1.0,472.01642085366404,1,1,-5.684341886080802e-14,6
2,136.300713,1.0,66.53800574550418,1,0,0.0,4
2,95.028554,1.0,47.91662886314885,1,0,-1.0658141036401503e-14,4
2,5.798438,1.0,526.9596595765772,1,1,0.0,5
2,61.462886,1.0,81.30121520999873,1,0,0.0,4
2,125.803403,1.0,40.72681794177659,1,0,0.0,4
2,97.594088,1.0,64.1373516006395,1,0,-4.263256414560601e-14,4
2,144.69238,1.0,110.92141793318108,1,0,0.0,4
2,179.43965,1.0,488.6309294652817,0,1,-0.005801420633503085,5
2,163.17845,1.0,151.35415389032457,1,1,0.0,6
2,29.39919,1.0,122.50201305847962,1,0,-5.684341886080802e-14,4
2,18.027328,1.0,143.83216032101984,1,0,0.0,4
2,51.72958,1.0,57.61111388203831,1,0,0.0,4
2,48.45673,1.0,54.68276793520147,1,0,0.0,4
2,66.469529,1.0,45.739151924885284,1,0,-3.197442310920451e-14,4
2,83.484583,1.0,34.83892262886107,1,0,-3.907985046680551e-14,4
2,11.819248,1.0,264.465182652293,1,1,-2.842170943040401e-14,6
2,44.439946,1.0,39.92162307528527,1,0,0.0,4
2,115.846516,1.0,76.54102576209054,1,0,0.0,4
2,59.024863,1.0,58.82319523340111,1,1,-3.552713678800501e-15,5
2,175.17324,1.0,437.21958995944084,1,0,-2.842170943040401e-14,4
2,58.540581,1.0,44.099761663667515,0,1,-0.36182632228962675,6
2,33.034799,1.0,105.79696660097713,1,0,-1.0658141036401503e-13,4
2,7.929887,1.0,388.46342440344876,1,1,-2.842170943040401e-14,6
2,51.205361,1.0,57.620272731897586,1,0,-4.263256414560601e-14,4
2,149.523407,1.0,131.9557395920363,1,0,0.0,4
2,120.652243,1.0,51.77059957703121,1,0,-2.4868995751603507e-14,4
2,179.521561,1.0,845.5834394741538,0,1,-0.04030706326653899,4
2,76.019777,1.0,51.91433835888331,1,0,0.0,4
2,95.167397,1.0,43.14540501498805,1,0,-1.0658141036401503e-14,4
2,17.655771,1.0,124.72336490637305,1,0,-5.684341886080802e-14,4
2,139.251424,1.0,70.15589273290428,1,0,0.0,4
2,25.19205,1.0,64.81328463300953,1,1,0.0,3
2,12.967343,1.0,113.27131829698682,1,0,-4.973799150320701e-14,4
2,32.486831,1.0,137.81758142484833,1,0,-9.947598300641403e-14,4
2,37.544251,1.0,86.80944173500073,1,0,-9.947598300641403e-14,4
2,96.319679,1.0,12.64816679375047,1,0,0.0,4
2,98.046372,1.0,25.61635232592779,1,0,-4.440892098500626e-14,4
2,23.762486,1.0,127.79466061698803,1,0,-2.842170943040401e-14,4
2,46.891354,1.0,46.48696690683683,1,0,-2.842170943040401e-14,4
2,10.201785,1.0,146.33922140330105,1,1,-1.4210854715202004e-14,5
2,25.222965,1.0,111.10032435437397,1,1,-2.842170943040401e-14,5
2,105.537491,1.0,53.58507885595928,1,0,-1.0658141036401503e-14,4
2,176.368662,1.0,499.47585895744163,1,1,0.0,4
2,10.844246,1.0,244.28801051663987,1,0,0.0,4
2,27.447316,1.0,127.08249452918943,1,0,0.0,4
2,88.297589,1.0,56.179654666829684,1,0,0.0,4
2,129.30901,1.0,56.233643175229055,1,0,-3.907985046680551e-14,4
2,89.429901,1.0,51.83380141412294,1,0,-2.1316282072803006e-14,4
2,63.407234,1.0,18.808357022353402,1,0,-7.993605777301127e-14,4
2,112.78902,1.0,34.32748722632417,1,0,-2.1316282072803006e-14,4
2,49.574884,1.0,50.02324780071898,1,0,0.0,4
2,152.763408,1.0,94.5585588887875,1,1,-4.973799150320701e-14,5
2,126.11879,1.0,81.83529662770452,1,0,0.0,4
2,45.30337,1.0,49.837128973743106,1,0,0.0,4
2,1.96407,1.0,1233.3170184960986,1,1,-1.1368683772161603e-13,6
2,0.253152,1.0,640.3068893136904,0,1,-0.11316201935670733,4
2,70.894458,1.0,46.235959650342615,1,0,0.0,4
2,24.130841,1.0,97.76036011730498,1,0,-7.105427357601002e-15,4
2,33.015663,1.0,88.70677082572267,1,0,0.0,4
2,106.743997,1.0,57.99798616681746,1,0,0.0,4
2,88.135934,1.0,33.13752786523077,1,0,-6.394884621840902e-14,4
2,127.61128,1.0,49.51211082386288,1,1,0.0,5
2,71.07171,1.0,44.75442074483504,1,0,0.0,4
2,54.080855,1.0,48.770861538323764,1,0,-2.4868995751603507e-14,4
2,71.961442,1.0,37.51338958285378,1,0,0.0,4
2,24.012776,1.0,172.60375780579133,1,0,-5.684341886080802e-14,4
2,77.98389,1.0,32.901961003033705,1,0,0.0,4
2,61.893509,1.0,56.092925234417145,1,0,0.0,4
2,119.580654,1.0,58.799822295642485,1,0,0.0,4
2,4.434041,1.0,248.76023547404588,1,0,0.0,4
2,11.875182,1.0,275.27083127843304,1,1,-2.842170943040401e-14,6
2,1.328145,1.0,638.6986427308261,0,1,-0.009909973474918843,5
2,92.347009,1.0,40.38254040024123,1,0,0.0,4
2,50.385706,1.0,63.53731131366149,1,0,0.0,4
2,40.567636,1.0,54.57996578744246,1,0,0.0,4
2,14.180024,1.0,192.19267152579388,1,1,-9.947598300641403e-14,6
2,47.611182,1.0,48.292064149954776,0,1,-0.3738608759780213,5
2,21.520041,1.0,131.58317549752203,1,0,0.0,4
2,137.075988,1.0,71.0202911988699,1,0,-2.842170943040401e-14,4
2,144.518561,1.0,107.25790632825205,1,0,0.0,4
2,20.866893,1.0,131.03093781395845,1,0,0.0,4
2,54.331501,1.0,47.50804211403735,1,0,-1.4210854715202004e-14,4
2,146.464922,1.0,101.37903095780577,1,0,0.0,4
2,102.30565,1.0,41.66701266838976,1,0,0.0,4
2,6.201647,1.0,328.56194655143577,0,1,-0.7191689630593316,5
2,51.8526,1.0,63.66689490646352,1,0,-5.684341886080802e-14,4
2,16.951105,1.0,131.69999168236978,1,0,-5.684341886080802e-14,4
2,131.764613,1.0,57.44915269070939,1,0,-4.973799150320701e-14,4
2,163.223035,1.0,196.10949209510378,1,0,-1.4210854715202004e-14,4
2,21.895573,1.0,68.26270044680237,0,1,-0.3585942962150668,5
2,5.195734,1.0,553.6750196877813,1,1,0.0,6
2,10.629366,1.0,341.511221283987,1,1,0.0,6
2,115.468862,1.0,59.20633448137337,1,0,-5.3290705182007514e-14,4
2,107.60313,1.0,43.37126350375806,1,0,-3.907985046680551e-14,4
2,178.908771,1.0,762.6621055751771,0,1,-0.04134062549786677,6
2,34.127301,1.0,64.73739037962598,1,0,-9.947598300641403e-14,4
2,55.022232,1.0,72.3279424363424,1,0,0.0,4
2,34.80333,1.0,123.67252535217479,1,0,-2.1316282072803006e-14,4
2,36.145416,1.0,57.46629361400404,1,0,0.0,4
2,49.135163,1.0,73.40073276616975,1,0,0.0,4
2,98.831541,1.0,48.39390895868675,1,0,-1.2434497875801753e-13,4
2,174.331508,1.0,258.3121025624955,1,1,0.0,4
2,176.752422,1.0,701.6577097454281,1,1,0.0,6
2,146.939469,1.0,59.378706347858895,1,0,0.0,4
2,156.492579,1.0,112.05403293580848,1,0,-6.394884621840902e-14,4
2,2.101725,1.0,803.2684777620952,0,1,-0.008480151999492591,4
2,35.063554,1.0,62.0930657620142,1,0,-1.4210854715202004e-14,4
2,6.464108,1.0,439.69821224157374,1,1,-8.526512829121202e-14,6
2,39.958724,1.0,75.76545432171271,1,0,0.0,4
2,39.206221,1.0,74.31670929896872,1,0,-1.2079226507921703e-13,4
2,149.364917,1.0,49.0234803218139,1,1,0.0,4
2,6.910498,1.0,278.49224856518515,1,1,-2.842170943040401e-14,5
2,49.532938,1.0,53.71957308045824,1,0,0.0,4
2,43.851216,1.0,66.88898201777376,1,0,-1.4210854715202004e-14,4
2,120.045293,1.0,37.66713179082482,1,0,0.0,4
2,72.583921,1.0,35.011455757760224,1,0,0.0,4
2,61.741538,1.0,36.031418872274116,1,0,-7.105427357601002e-15,4
2,30.686816,1.0,146.43545085201038,1,0,0.0,4
2,80.623172,1.0,51.82935851691446,1,0,-1.0658141036401503e-13,4
2,28.496123,1.0,69.62237851609916,1,0,0.0,4
2,44.483984,1.0,23.852349129505363,1,0,0.0,4
2,80.055605,1.0,49.906598922236135,1,0,-1.1368683772161603e-13,4
2,35.215869,1.0,82.0652508911725,0,1,-0.6908153565569677,6
2,106.696192,1.0,35.54016702338618,1,0,-1.0658141036401503e-14,4
2,111.911367,1.0,55.68787143793755,1,1,-8.526512829121202e-14,6
2,19.27561,1.0,212.62765783585473,1,0,0.0,4
2,49.78559,1.0,52.067114690376535,1,0,-2.4868995751603507e-14,4
2,15.319903,1.0,181.86910499848014,1,1,0.0,5
2,78.147809,1.0,51.83025774523625,1,0,-9.947598300641403e-14,4
2,150.797931,1.0,78.98921582843553,1,0,0.0,4
2,50.704896,1.0,63.87494449757523,1,0,0.0,4
2,8.363349,1.0,190.83962097393098,1,1,0.0,7
2,108.980254,1.0,30.693627257436585,1,0,-1.1013412404281553e-13,4
2,8.847602,1.0,79.0655195565589,1,1,-1.1368683772161603e-13,3
2,11.39452,1.0,240.66437963741797,1,1,-5.684341886080802e-14,5
2,18.766321,1.0,191.30831937499084,1,0,-1.1368683772161603e-13,4
2,40.857898,1.0,87.69240323857177,1,0,-1.4210854715202004e-14,4
2,175.215725,1.0,354.67691873877567,1,1,-2.842170943040401e-14,3
2,10.189869,1.0,238.10302331000122,1,0,0.0,4
2,171.130589,1.0,146.13399840773332,1,0,-9.947598300641403e-14,4
2,126.226664,1.0,59.92402074835093,1,0,0.0,4
2,166.759851,1.0,185.0676853525682,1,0,-5.684341886080802e-14,4
2,97.608844,1.0,50.74133520449498,1,0,-3.552713678800501e-14,4
2,23.402442,1.0,138.1463311375295,1,0,0.0,4
2,70.931371,1.0,45.06728220087501,1,0,-1.1368683772161603e-13,4
2,119.757426,1.0,33.04048604820965,1,0,-2.4868995751603507e-14,4
2,121.752549,1.0,40.6050196213006,1,0,-5.684341886080802e-14,4
2,117.060381,1.0,59.794652615576595,1,0,-3.552713678800501e-15,4
2,80.567082,1.0,50.66543136045595,1,0,0.0,4
2,60.386338,1.0,70.89251736362498,1,0,0.0,4
2,45.913122,1.0,34.37790175602708,1,0,0.0,4
2,6.137233,1.0,443.42642930320454,1,1,0.0,6
2,37.892856,1.0,77.40186242590501,1,0,-3.552713678800501e-14,4
2,54.616878,1.0,51.47721293288095,1,1,-1.0658141036401503e-13,5
2,41.402192,1.0,65.97415609831015,1,0,0.0,4
2,165.834232,1.0,243.09981247587413,1,0,0.0,4
2,66.472813,1.0,80.01584415677289,1,0,-1.4210854715202004e-14,4
2,72.712564,1.0,47.02915446536362,1,0,-5.684341886080802e-14,4
2,51.104828,1.0,42.5135505304543,1,0,0.0,4
2,7.424388,1.0,244.6811785385963,1,0,-5.684341886080802e-14,4
2,176.255666,1.0,574.1071174725628,1,1,-5.684341886080802e-14,5
2,90.213088,1.0,46.42087480687195,0,0,-0.689980759693281,4
2,29.583312,1.0,126.46619549284432,1,0,-7.105427357601002e-15,4
2,42.878667,1.0,88.54902371153673,1,0,-6.394884621840902e-14,4
2,27.371877,1.0,90.53409410891095,1,0,0.0,4
2,48.630585,1.0,77.64310362365555,1,0,-5.684341886080802e-14,4
2,35.312318,1.0,119.04796135119649,1,0,-4.973799150320701e-14,4
2,16.228326,1.0,138.37770756316996,1,0,0.0,4
2,76.367937,1.0,28.920581107058435,1,0,-1.0480505352461478e-13,4
2,37.231477,1.0,93.0540373665258,1,0,0.0,4
2,43.362196,1.0,74.74589883230021,1,0,0.0,4
2,23.378975,1.0,162.4213951184732,1,0,-8.526512829121202e-14,4
2,153.167885,1.0,128.94733915524654,1,0,-1.4210854715202004e-14,4
2,25.368849,1.0,98.65117170110838,1,0,-4.973799150320701e-14,4
2,6.43658,1.0,389.0934110536797,1,1,0.0,4
2,172.464729,1.0,189.0087608603743,1,1,-5.684341886080802e-14,5
2,133.634475,1.0,59.547902426689475,1,0,-3.907985046680551e-14,4
2,111.053471,1.0,38.236467466411966,1,0,-1.1013412404281553e-13,4
2,92.31349,1.0,42.93567776904469,1,0,0.0,4
2,141.745181,1.0,94.23439576096723,1,0,-7.105427357601002e-15,4
2,92.927888,1.0,38.56053349620636,1,0,-7.105427357601002e-15,4
2,5.337728,1.0,183.86662407755057,1,1,-7.105427357601002e-14,4
2,138.342179,1.0,91.10473159628624,1,0,0.0,4
2,179.769149,1.0,845.688118879404,0,1,-0.00789740569030073,8
2,127.623634,1.0,50.753041449366314,0,1,-0.4152687949468117,5
2,115.465342,1.0,43.84433241226764,1,1,-1.4210854715202004e-14,6
2,42.997656,1.0,75.651504096005,1,0,0.0,4
2,50.215312,1.0,69.11299634069108,1,0,0.0,4
2,177.232312,1.0,453.3881572387776,0,1,-0.10257176113810829,7
2,86.829191,1.0,57.37968538906328,1,0,0.0,4
2,14.34099,1.0,115.72814209880454,0,1,-0.439697142908436,4
2,46.962292,1.0,78.66058722423408,1,0,-2.1316282072803006e-14,4
2,38.181921,1.0,104.19618686213387,1,0,0.0,4
2,8.240285,1.0,234.8207701501945,1,0,0.0,4
2,132.169602,1.0,90.23000170204072,1,0,0.0,4
2,13.863717,1.0,237.53581815064032,1,1,0.0,6
2,24.021785,1.0,156.82971096724654,1,0,0.0,4
2,140.858064,1.0,78.73390195606724,1,0,0.0,4
2,49.223395,1.0,69.49475843119227,1,0,0.0,4
2,50.969966,1.0,63.94484368589341,1,1,-2.842170943040401e-14,6
2,1.419088,1.0,508.4965407126176,0,1,-0.4194567746039297,4
2,59.110262,1.0,65.06156768416247,1,0,-4.973799150320701e-14,4
2,8.631374,1.0,335.7234395730601,1,1,0.0,6
2,74.355104,1.0,51.19314520066379,1,0,-9.947598300641403e-14,4
2,34.240306,1.0,122.98042815652286,1,0,-1.4210854715202004e-14,4
2,131.74588,1.0,42.249008423963026,1,0,-1.0658141036401503e-13,4
2,13.38523,1.0,219.59432548564322,1,1,-1.4210854715202004e-14,6
2,92.881448,1.0,38.537308987770395,1,0,-4.973799150320701e-14,4
2,62.462126,1.0,23.264831059326944,1,0,-5.1514348342607263e-14,4
2,64.920938,1.0,38.41333464006791,1,0,-4.618527782440651e-14,4
2,38.243608,1.0,111.09883123129326,1,0,-3.552713678800501e-14,4
2,26.107536,1.0,83.65895430676203,1,1,-8.526512829121202e-14,5
2,40.940488,1.0,88.56869912321692,1,0,0.0,4
2,142.136181,1.0,109.52994801208986,1,0,-5.684341886080802e-14,4
2,43.756525,1.0,91.68567053530472,1,0,0.0,4
2,152.062577,1.0,53.19347273807718,1,0,0.0,4
2,51.087008,1.0,48.870985665644376,1,0,0.0,4
2,4.716494,1.0,402.27551429004683,1,1,0.0,5
2,31.05597,1.0,138.064535383601,1,0,0.0,4
2,48.730334,1.0,50.28929036037646,1,0,-1.1013412404281553e-13,4
2,9.724528,1.0,191.78499771312755,0,1,-0.0891687563621133,6
2,37.021193,1.0,76.05567440796455,1,1,-1.4210854715202004e-14,6
2,9.966903,1.0,336.967530118266,1,0,-8.526512829121202e-14,4
2,18.29776,1.0,182.97181923925012,1,1,-1.4210854715202004e-14,5
2,33.063743,1.0,49.08255147048272,1,1,0.0,4
2,62.707587,1.0,35.668733108374134,1,0,0.0,4
2,50.853116,1.0,52.512329589760206,1,0,-3.552713678800501e-15,4
2,123.838819,1.0,21.61066688823326,1,0,0.0,4
2,26.369788,1.0,55.28621593510291,0,1,-0.2469755516430645,4
2,100.92439,1.0,55.642012365639246,1,0,-3.907985046680551e-14,4
2,70.943215,1.0,48.53083133290716,1,0,-7.105427357601002e-15,4
2,81.768344,1.0,52.54368245396641,1,0,-1.0302869668521453e-13,4
2,101.747807,1.0,29.53738865218871,1,0,-3.552713678800501e-15,4
2,65.770943,1.0,51.28335535809229,1,0,0.0,4
2,48.848933,1.0,74.76781542635722,1,0,-9.237055564881302e-14,4
2,179.09317,1.0,912.9276658240916,1,1,-5.684341886080802e-14,4
2,95.041964,1.0,55.09815446604712,1,0,0.0,4
2,105.577097,1.0,55.64621425453146,0,1,-0.466083396915014,6
2,170.040724,1.0,342.9391939914241,1,1,0.0,5
2,102.116517,1.0,41.5488456413509,0,1,-0.23692279379742942,6
2,47.170029,1.0,43.33875277538755,1,0,-5.684341886080802e-14,4
2,64.883394,1.0,83.8674523746948,1,0,-2.842170943040401e-14,4
2,49.350355,1.0,59.082821423683235,0,1,-0.5200178338608303,6
2,121.324625,1.0,45.25058625570167,1,0,-5.3290705182007514e-14,4
2,26.986102,1.0,135.40245689265092,1,0,-1.1368683772161603e-13,4
2,7.828906,1.0,414.3877151572071,1,1,-2.842170943040401e-14,5
2,60.620038,1.0,53.369235688775525,1,1,-3.552713678800501e-15,6
2,138.322426,1.0,86.36779096660135,1,0,0.0,4
2,95.841572,1.0,47.73683695406576,1,0,-7.105427357601002e-15,4
2,6.101985,1.0,460.6502906330287,1,0,-5.684341886080802e-14,4
2,15.640601,1.0,235.2367112076576,1,0,-2.842170943040401e-14,4
2,125.885368,1.0,67.05250052401637,1,0,-8.526512829121202e-14,4
2,146.30347,1.0,55.10750828843675,1,0,0.0,4
2,148.937779,1.0,88.80465763497627,1,0,-5.684341886080802e-14,4
2,101.225095,1.0,48.938294620067474,1,0,-9.237055564881302e-14,4
2,54.499711,1.0,89.3812361753564,1,0,-9.947598300641403e-14,4
2,82.412582,1.0,61.65693306119777,1,0,0.0,4
2,122.723354,1.0,50.87827259551781,1,0,-1.4210854715202004e-14,4
2,100.829679,1.0,61.631781940372555,1,0,-3.552713678800501e-15,4
2,20.080432,1.0,48.43303940771204,0,1,-0.10572830293829227,4
2,95.257099,1.0,13.613919961226769,1,0,0.0,4
2,65.164525,1.0,53.503729598661735,1,0,0.0,4
2,129.689746,1.0,60.08344827181765,1,0,-1.7763568394002505e-14,4
2,148.757315,1.0,82.63812666093011,1,1,-4.973799150320701e-14,6
2,35.477645,1.0,68.66609030331993,1,0,0.0,4
2,53.726989,1.0,72.89361526596973,1,1,-5.684341886080802e-14,6
2,6.8694,1.0,183.05287479109344,1,0,-4.263256414560601e-14,4
2,123.401428,1.0,51.806357860665074,1,1,-3.552713678800501e-15,6
2,114.614494,1.0,30.331556572864095,1,0,0.0,4
2,155.309182,1.0,144.3974450839707,1,0,-9.947598300641403e-14,4
2,82.679468,1.0,52.18590159345142,1,0,0.0,4
2,93.78715,1.0,31.188477713199386,1,0,0.0,4
2,147.079435,1.0,109.34206898221969,1,1,-1.1368683772161603e-13,5
2,112.699754,1.0,37.88798334959205,1,0,-1.7763568394002505e-14,4
2,76.877612,1.0,46.15140810518081,1,0,0.0,4
2,58.431542,1.0,54.02366245392938,1,0,0.0,4
2,31.66298,1.0,77.49439727462506,1,0,0.0,4
2,26.626659,1.0,121.52111103089803,1,1,0.0,6
2,67.917135,1.0,15.41813385205299,1,0,-2.7533531010703882e-14,4
2,39.947447,1.0,104.21762551869051,1,0,0.0,4
2,76.560603,1.0,46.57270417252604,1,0,0.0,4
2,47.08047,1.0,72.21494712854692,1,0,0.0,4
2,128.126313,1.0,70.00797282157788,1,0,0.0,4
2,114.180585,1.0,64.90710766757829,1,0,0.0,4
2,27.685519,1.0,155.35792534076785,1,0,-1.1368683772161603e-13,4
2,89.346897,1.0,48.41225801982358,1,0,0.0,4
2,11.691335,1.0,214.48394319211383,1,0,-1.4210854715202004e-14,4
2,47.854548,1.0,37.8865195610912,1,0,0.0,4
2,49.58622,1.0,63.16934594036455,1,0,-1.7763568394002505e-14,4
2,25.990652,1.0,93.31373675541829,1,0,-5.684341886080802e-14,4
2,54.578369,1.0,63.95070934721421,1,0,0.0,4
2,120.36295,1.0,62.28402690748908,1,0,-3.552713678800501e-15,4
2,90.97029,1.0,45.54537186280347,0,0,-0.3762266394792029,4
2,135.930216,1.0,49.393490002323986,1,0,-2.4868995751603507e-14,4
2,43.865016,1.0,58.74538635995104,1,0,-3.907985046680551e-14,4
2,38.217306,1.0,137.69466059640166,1,0,0.0,4
2,65.923658,1.0,44.08169516233717,1,0,-1.2079226507921703e-13,4
2,18.209069,1.0,279.7075700683922,1,0,0.0,4
2,97.771848,1.0,51.88386615025874,1,0,-2.1316282072803006e-14,4
2,129.758924,1.0,27.460493691502673,1,0,-2.3092638912203256e-14,4
2,99.388361,1.0,38.051619125497496,1,0,-1.1013412404281553e-13,4
2,35.326438,1.0,94.69292130325466,1,0,-1.1368683772161603e-13,4
2,35.474232,1.0,57.24646234819128,1,0,-1.0658141036401503e-14,4
2,91.454621,1.0,55.128620182789014,0,0,-0.2090444169321657,4
2,58.77385,1.0,38.02464777801795,1,0,-9.592326932761353e-14,4
2,154.809972,1.0,100.99890296669977,0,1,-0.6679011043460292,5
2,156.267533,1.0,94.23187706135111,1,0,-4.973799150320701e-14,4
2,102.042384,1.0,35.24651468591126,1,0,-4.618527782440651e-14,4
2,60.691215,1.0,28.083260390144044,0,1,-0.10321742978703163,4
2,37.204195,1.0,95.23683262438618,1,0,-2.842170943040401e-14,4
2,98.553331,1.0,43.63360687906786,1,0,-5.684341886080802e-14,4
2,14.640752,1.0,130.66825665392997,1,0,0.0,4
2,136.20561,1.0,85.41206706811417,1,0,0.0,4
2,95.417014,1.0,52.192951188449115,1,0,-3.197442310920451e-14,4
2,47.951011,1.0,51.54641336819452,0,1,-2.463099481991115,6
2,25.419834,1.0,140.56043167014457,1,0,0.0,4
2,23.886746,1.0,152.49474113332732,1,0,0.0,4
2,133.997075,1.0,91.37235508863358,1,0,0.0,4
2,107.81385,1.0,48.53816776833951,1,0,0.0,4
2,125.190938,1.0,56.779038096518654,1,0,0.0,4
2,40.58571,1.0,58.149133722556826,1,0,-2.4868995751603507e-14,4
2,46.548786,1.0,36.750647726697245,1,0,-1.1013412404281553e-13,4
2,60.567883,1.0,49.32412678319852,1,0,0.0,4
2,130.232265,1.0,68.16066785502309,1,0,0.0,4
2,90.537773,1.0,45.23669710900097,0,0,-0.5812834425133886,4
2,40.575831,1.0,116.40301447407194,1,1,0.0,6
2,167.582485,1.0,263.701667234542,1,1,-2.842170943040401e-14,6
2,13.402476,1.0,294.6898591433125,1,1,-2.842170943040401e-14,6
2,110.836425,1.0,47.91080371008996,1,0,-3.907985046680551e-14,4
2,32.973631,1.0,71.02003661453031,1,0,-1.1368683772161603e-13,4
2,120.060121,1.0,28.631118921029504,1,0,-2.4868995751603507e-14,4
2,128.623913,1.0,40.54840349809602,1,0,0.0,4
2,91.993035,1.0,44.38838910693615,0,0,-0.002693646232707181,4
2,61.091671,1.0,47.00078660741896,1,1,0.0,6
2,30.353111,1.0,115.89828251592185,1,0,-3.552713678800501e-14,4
2,62.352141,1.0,53.649910572272944,1,0,-1.0658141036401503e-14,4
2,16.829641,1.0,169.02056868094877,1,1,-1.4210854715202004e-14,6
2,145.066497,1.0,92.55286261406273,1,0,-4.263256414560601e-14,4
2,154.490362,1.0,94.08916186501447,1,0,0.0,4
2,118.89768,1.0,57.482482403962024,1,0,-7.105427357601002e-15,4
2,13.205647,1.0,325.6543568851174,1,0,-2.842170943040401e-14,4
2,113.983831,1.0,55.072918714945445,1,0,0.0,4
2,6.529451,1.0,415.66070185714653,1,0,0.0,4
2,68.390218,1.0,43.41394528583011,1,0,0.0,4
2,19.234059,1.0,178.5797745028111,1,1,-5.684341886080802e-14,5
2,83.615886,1.0,39.69035426235291,1,0,-1.7763568394002505e-14,4
2,2.916263,1.0,577.2829381600899,1,1,-1.1368683772161603e-13,6
2,171.53756,1.0,385.6146851254796,1,1,0.0,7
2,67.882367,1.0,42.59641151261161,1,0,-3.552713678800501e-15,4
2,10.632699,1.0,280.568109646433,1,1,0.0,6
2,89.892783,1.0,39.897669915551326,1,0,-4.973799150320701e-14,4
2,151.731583,1.0,104.87952784951008,1,1,0.0,6
2,159.817616,1.0,54.11112624026491,1,0,0.0,4
2,94.778982,1.0,48.536837992060065,1,0,0.0,4
2,14.118839,1.0,138.99920216129445,1,0,-1.4210854715202004e-14,4
2,76.465158,1.0,36.53548097299237,1,0,-8.171241461241152e-14,4
2,64.062297,1.0,32.577268838844674,1,0,-1.0658141036401503e-14,4
2,114.834483,1.0,51.837308238147656,1,0,0.0,4
2,72.848966,1.0,62.22392334241993,1,0,-4.973799150320701e-14,4
2,136.657772,1.0,58.31321434065197,1,0,0.0,4
2,86.420387,1.0,48.689284680461256,1,0,0.0,4
2,92.645297,1.0,45.54141389131823,1,0,0.0,4
2,20.680885,1.0,197.30197715084722,1,0,0.0,4
2,0.676885,1.0,658.3445990400492,1,1,-5.684341886080802e-14,5
2,68.068604,1.0,41.57569869952123,1,0,-7.105427357601002e-15,4
2,35.343038,1.0,31.209151119535548,1,1,-4.973799150320701e-14,5
2,93.198871,1.0,31.13654240955525,1,0,0.0,4
2,64.533109,1.0,64.262703423217,1,0,-1.4210854715202004e-14,4
2,83.330353,1.0,35.468559200646524,1,0,-3.552713678800501e-15,4
2,64.114626,1.0,45.240448112542495,1,0,-2.1316282072803006e-14,4
2,8.822955,1.0,200.86066050338113,1,0,-1.1368683772161603e-13,4
2,60.5783,1.0,47.70856142507886,1,0,-1.7763568394002505e-14,4
2,124.051058,1.0,95.6154354190145,1,0,0.0,4
2,27.064613,1.0,114.00364799852976,1,0,0.0,4
2,51.701106,1.0,67.31072493147722,1,0,0.0,4
2,14.540232,1.0,195.76738340975146,1,0,0.0,4
2,120.164218,1.0,62.85276133847551,1,0,-2.842170943040401e-14,4
2,149.994536,1.0,141.1440177152133,1,0,0.0,4
2,51.006339,1.0,59.609931337970146,1,0,-3.197442310920451e-14,4
2,98.638242,1.0,52.558377433584404,1,1,-2.1316282072803006e-14,6
2,16.843742,1.0,110.3557653276253,1,0,-1.2079226507921703e-13,4
2,160.192427,1.0,164.55421949614325,1,0,0.0,4
2,18.48382,1.0,82.76732364438757,1,1,-2.1316282072803006e-14,6
2,173.233489,1.0,379.3614722565315,1,1,-2.842170943040401e-14,6
2,3.576206,1.0,399.7753113197664,1,1,-5.684341886080802e-14,6
2,118.596883,1.0,52.83787707209008,1,0,-4.973799150320701e-14,4
2,4.470448,1.0,618.8303686911811,1,1,-5.684341886080802e-14,5
2,19.40435,1.0,136.1752328781859,1,0,-9.947598300641403e-14,4
2,142.560178,1.0,95.85056757640902,1,0,-4.263256414560601e-14,4
2,89.783652,1.0,55.27688950699282,1,0,0.0,4
2,155.798284,1.0,87.59480085742689,1,0,-3.552713678800501e-14,4
2,92.613241,1.0,52.68379875025978,1,0,-4.973799150320701e-14,4
2,126.81567,1.0,90.17253477836584,1,0,0.0,4
2,28.677806,1.0,60.05281015482105,1,1,-9.237055564881302e-14,6
2,103.888644,1.0,64.46693789263888,1,0,0.0,4
2,16.793995,1.0,200.66065719286647,1,0,0.0,4
2,41.042837,1.0,76.6782265565725,1,0,-9.947598300641403e-14,4
2,39.92207,1.0,75.03466684973796,1,0,-4.263256414560601e-14,4
2,27.506136,1.0,84.61163237135582,1,1,-1.2079226507921703e-13,7
2,114.652227,1.0,32.280305238198636,1,0,-3.197442310920451e-14,4
2,4.710211,1.0,207.70153573641022,0,1,-0.2901711919447081,4
2,133.701731,1.0,89.49134967544485,1,0,0.0,4
2,90.604716,1.0,28.66850560299353,0,0,-0.35329380036193925,4
2,69.372399,1.0,59.0036782797243,1,0,-5.3290705182007514e-14,4
2,72.844967,1.0,45.0219466814487,1,0,-1.7763568394002505e-14,4
2,9.11077,1.0,275.05076381316474,1,0,-2.842170943040401e-14,4
2,44.101258,1.0,84.16387046443631,1,0,-2.842170943040401e-14,4
2,99.897517,1.0,47.96134252986891,1,0,-1.1013412404281553e-13,4
2,125.954517,1.0,51.6661174963899,1,0,-2.1316282072803006e-14,4
2,6.999013,1.0,291.85743592665636,1,1,-5.684341886080802e-14,5
2,2.376205,1.0,853.7760841751815,1,1,-1.1368683772161603e-13,6
2,139.93071,1.0,72.22645783304976,1,0,0.0,4
2,26.398076,1.0,91.32194845287538,1,1,-7.815970093361102e-14,7
2,12.749318,1.0,162.06155088294568,1,1,-1.4210854715202004e-14,6
2,80.722768,1.0,48.73465599205638,1,0,0.0,4
2,124.93217,1.0,79.3404123775571,1,1,-1.4210854715202004e-14,6
2,95.933377,1.0,36.3642453735084,1,0,0.0,4
2,50.594456,1.0,86.49136086362783,1,0,-2.1316282072803006e-14,4
2,74.186997,1.0,25.64601022622344,1,0,-2.6645352591003757e-14,4
2,47.384569,1.0,71.55401057290754,1,0,-6.394884621840902e-14,4
2,96.910978,1.0,57.786526268308975,0,1,-0.4792083522045445,6
2,92.488147,1.0,34.97030590322001,1,0,-1.2079226507921703e-13,4
2,0.791283,1.0,958.4060029235206,0,1,-0.14010196415773635,5
2,98.519072,1.0,49.285989799020456,1,0,0.0,4
2,170.068014,1.0,243.33959260644986,1,1,-1.4210854715202004e-14,6
2,151.753022,1.0,93.048172380047,1,0,-6.394884621840902e-14,4
2,58.379022,1.0,57.325492060157615,1,0,-1.0658141036401503e-14,4
2,88.336734,1.0,46.275328787023504,1,0,-1.0658141036401503e-14,4
2,32.154977,1.0,113.20577482799848,1,0,-5.684341886080802e-14,4
2,19.255279,1.0,49.694167799623436,1,1,0.0,3
2,74.670283,1.0,50.197548841605354,1,0,0.0,4
2,173.190415,1.0,390.56228426156974,1,0,-8.526512829121202e-14,4
2,88.503402,1.0,56.701895401018966,1,0,-1.1368683772161603e-13,4
2,54.442426,1.0,49.74509336502867,1,0,0.0,4
2,153.834167,1.0,64.17020095786309,1,0,-1.1368683772161603e-13,4
2,19.334224,1.0,141.15188580101113,1,1,-4.263256414560601e-14,5
2,131.356233,1.0,72.07543155587986,1,0,-7.105427357601002e-15,4
2,19.139318,1.0,194.41346555809199,1,1,-9.947598300641403e-14,5
2,149.079315,1.0,78.84770411002567,0,1,-0.49462449977585266,5
2,36.467001,1.0,72.09431695400353,1,0,0.0,4
2,7.014849,1.0,152.60191490717392,1,1,0.0,4
2,24.446233,1.0,149.9548201340364,1,0,-5.684341886080802e-14,4
2,154.038101,1.0,76.57167032262828,1,1,-5.684341886080802e-14,4
2,41.733927,1.0,63.47621467437454,1,0,0.0,4
2,7.275821,1.0,338.7130009071587,1,1,-2.842170943040401e-14,6
2,62.946888,1.0,57.36380447077151,1,1,0.0,6
2,20.206601,1.0,94.70419341940685,1,0,0.0,4
2,11.87679,1.0,290.9601240324672,1,0,0.0,4
2,10.783845,1.0,157.80821790896326,0,1,-0.47584826276562353,4
2,18.784785,1.0,205.82324674918684,1,0,0.0,4
2,91.426856,1.0,62.04115398861652,0,0,-0.3113203873160231,4
2,176.425083,1.0,689.8546624011965,1,1,0.0,5
2,6.007433,1.0,437.8447875401476,1,0,0.0,4
2,102.708893,1.0,36.487158899599585,1,0,0.0,4
2,43.708763,1.0,72.66516838217201,1,0,-2.842170943040401e-14,4
2,51.434556,1.0,46.25343508324335,1,0,-9.947598300641403e-14,4
2,53.098915,1.0,42.84655208280698,1,0,-9.947598300641403e-14,4
2,120.401995,1.0,50.19507823763768,1,0,0.0,4
2,32.842429,1.0,107.64239134531161,1,0,-1.4210854715202004e-14,4
2,53.642244,1.0,45.521064018260944,1,1,-9.237055564881302e-14,7
2,102.30643,1.0,66.93526642662073,1,0,-4.263256414560601e-14,4
2,61.180315,1.0,75.33047102585464,1,0,-4.973799150320701e-14,4
2,58.704898,1.0,54.72654946233659,1,0,-8.881784197001252e-14,4
2,152.12878,1.0,87.1423740842459,1,0,0.0,4
2,155.529915,1.0,87.54412661431769,1,0,0.0,4
2,26.48526,1.0,28.160788949366808,1,0,-2.4868995751603507e-14,4
2,175.590861,1.0,549.2718837444721,1,1,-5.684341886080802e-14,6
2,16.232177,1.0,140.84097458532577,1,1,0.0,6
2,32.36832,1.0,109.80780638127526,1,1,-1.1368683772161603e-13,5
2,101.72987,1.0,68.02869358063575,1,0,-5.684341886080802e-14,4
2,92.208176,1.0,18.09192329801667,1,0,0.0,4
2,15.687648,1.0,120.28667170269,1,0,-7.105427357601002e-15,4
2,150.520744,1.0,75.09198797067295,1,0,-1.4210854715202004e-14,4
2,0.861468,1.0,754.3377158902586,0,1,-0.24148743662414063,4
2,117.647904,1.0,60.278223328559065,1,1,-2.842170943040401e-14,6
2,20.790806,1.0,181.7073206708837,1,0,-7.105427357601002e-14,4
2,2.861818,1.0,306.52924010667175,1,1,-2.842170943040401e-14,4
2,50.667968,1.0,38.595329024708036,1,0,-4.618527782440651e-14,4
2,59.654964,1.0,44.58158294538238,1,0,-1.4210854715202004e-14,4
2,10.622982,1.0,235.3068335290708,1,0,0.0,4
2,172.481259,1.0,347.1597284562692,1,1,0.0,6
2,48.851913,1.0,60.76195143989085,1,0,0.0,4
2,106.406837,1.0,47.271945521559424,0,1,-0.22676577298023304,5
2,76.007886,1.0,53.457983901758666,1,0,0.0,4
2,39.552306,1.0,87.14073831256032,1,0,-1.2079226507921703e-13,4
2,68.751029,1.0,77.44603469239986,1,0,0.0,4
2,61.597368,1.0,34.862009037770974,1,0,-1.1013412404281553e-13,4
2,60.442584,1.0,53.52364087422822,1,0,-1.1013412404281553e-13,4
2,157.90279,1.0,70.5648041055952,1,0,-6.394884621840902e-14,4
2,83.483438,1.0,32.41663172620775,1,0,0.0,4
2,87.878995,1.0,40.06031394942905,1,0,0.0,4
2,16.691109,1.0,153.63398813332026,1,1,-2.842170943040401e-14,7
2,173.545321,1.0,393.66301157688656,1,1,0.0,5
2,155.754219,1.0,59.42015715299298,1,0,0.0,4
2,66.559913,1.0,37.63577761857201,1,0,-1.1013412404281553e-13,4
2,50.935498,1.0,41.87068549624373,1,0,-1.7763568394002505e-14,4
2,177.086454,1.0,690.8969228934836,1,1,0.0,3
2,117.695947,1.0,32.3087970869834,1,0,0.0,4
2,97.697094,1.0,37.23038017455205,1,0,-3.552713678800501e-15,4
2,166.00498,1.0,213.98709830580182,1,0,-5.684341886080802e-14,4
2,66.079728,1.0,44.78665874312752,1,0,0.0,4
2,41.124533,1.0,55.78206300073774,1,1,-1.0658141036401503e-14,6
2,64.798183,1.0,76.09162399263931,1,0,-9.947598300641403e-14,4
2,0.040327,1.0,781.5358074302856,0,1,-0.276298844805126,5
2,132.633003,1.0,74.45546879245036,1,0,0.0,4
2,6.064013,1.0,288.19734811316437,1,1,-1.4210854715202004e-13,6
2,79.360163,1.0,59.89696861542698,1,0,0.0,4
2,46.843979,1.0,45.09953144385853,1,0,0.0,4
2,16.384658,1.0,252.49018434715626,1,1,0.0,5
2,22.909196,1.0,150.54017617179892,1,1,-7.105427357601002e-14,5
2,126.687045,1.0,55.38250115971759,1,0,-2.842170943040401e-14,4
2,138.794867,1.0,26.067621627209622,1,1,-8.704148513061227e-14,4
2,80.054789,1.0,53.497565446005794,1,0,-2.4868995751603507e-14,4
2,154.316007,1.0,104.35555844091785,1,0,-1.4210854715202004e-14,4
2,37.452188,1.0,91.44874651011571,1,0,-1.2789769243681803e-13,4
2,31.555662,1.0,77.3424958278814,1,1,-1.4210854715202004e-14,5
2,27.870874,1.0,98.00443139121441,1,0,0.0,4
2,18.921511,1.0,188.8790535069409,1,0,-7.105427357601002e-14,4
2,51.627288,1.0,58.87474279900532,1,0,0.0,4
2,132.533595,1.0,61.884423220689456,1,0,-5.684341886080802e-14,4
2,36.129851,1.0,100.51277779828214,1,0,-5.684341886080802e-14,4
2,158.262949,1.0,99.75550527454796,1,0,0.0,4
2,29.083779,1.0,59.00307706220528,1,0,-4.973799150320701e-14,4
2,76.306013,1.0,14.400451175332547,0,1,-0.7964962396006277,4
2,36.07855,1.0,59.41257293996497,1,0,0.0,4
2,39.76795,1.0,92.70020512554188,1,0,-7.105427357601002e-15,4
2,129.923991,1.0,52.24762785727746,1,0,-7.105427357601002e-15,4
2,84.783465,1.0,40.17277317713274,1,0,-1.0302869668521453e-13,4
2,178.156241,1.0,659.7059082967138,0,1,-0.05147991108719907,5
2,38.818493,1.0,65.81168948860349,1,0,-7.815970093361102e-14,4
2,5.359651,1.0,316.391091703975,1,1,0.0,5
2,86.271874,1.0,57.40209642104076,1,0,-5.684341886080802e-14,4
2,84.048391,1.0,51.06352518710114,0,1,-0.3875903256722957,6
2,110.81072,1.0,31.731429325233158,1,0,0.0,4
2,35.670737,1.0,76.46069007160683,1,0,-1.4210854715202004e-14,4
2,38.047526,1.0,79.07026460892043,1,0,-8.526512829121202e-14,4
2,173.081495,1.0,286.24461634055257,1,1,-5.684341886080802e-14,5
2,91.23563,1.0,35.2733699570631,0,0,-0.21098802007749384,4
2,118.213636,1.0,73.73586550982569,1,0,0.0,4
2,47.582885,1.0,79.37372260052527,1,0,0.0,4
2,3.399089,1.0,365.5793531097499,1,1,-2.842170943040401e-14,5
2,115.791146,1.0,66.59512226798009,1,0,-2.1316282072803006e-14,4
2,126.698693,1.0,75.92797825996033,1,0,0.0,4
2,126.739023,1.0,67.62072541007032,1,0,0.0,4
2,18.83064,1.0,198.93513902214445,1,0,0.0,4
2,106.661646,1.0,48.81538810835317,1,0,-3.907985046680551e-14,4
2,89.998554,1.0,28.047690928854667,1,0,-2.4868995751603507e-14,4
2,97.912798,1.0,22.249698833900762,1,0,-9.059419880941277e-14,4
2,151.073026,1.0,130.09367669233998,1,0,-2.842170943040401e-14,4
2,148.625994,1.0,54.446598643939524,1,0,0.0,4
2,24.612917,1.0,101.9360226901762,1,0,-5.684341886080802e-14,4
2,125.21007,1.0,73.32470360042085,1,0,-4.973799150320701e-14,4
2,94.776144,1.0,29.949178812280586,1,0,-1.1723955140041653e-13,4
2,142.251273,1.0,39.71128422664247,1,0,-3.552713678800501e-15,4
2,37.578573,1.0,85.12102995258388,1,0,0.0,4
2,80.990623,1.0,32.47983030522812,1,0,0.0,4
2,62.128608,1.0,14.52339734502185,1,0,-5.684341886080802e-14,4
2,52.613911,1.0,19.155197921049986,0,1,-4.712268852422904,3
2,18.124355,1.0,161.0449377646989,1,0,0.0,4
2,30.350671,1.0,131.0797280921958,1,0,0.0,4
2,93.445928,1.0,53.446425827549554,1,0,0.0,4
2,44.188934,1.0,55.45844474375965,1,0,-4.263256414560601e-14,4
2,44.024458,1.0,67.20815231561758,0,1,-7.172798623331175,6
2,10.202625,1.0,347.60211955730693,1,0,0.0,4
2,61.002882,1.0,27.449707302035495,1,0,0.0,4
2,155.355747,1.0,120.90893451675231,1,0,0.0,4
2,70.400986,1.0,32.139633648198604,1,0,-1.7763568394002505e-14,4
2,45.085918,1.0,29.28501037389496,1,0,-1.1546319456101628e-13,4
2,18.462111,1.0,146.64291504549993,1,0,0.0,4
2,47.588953,1.0,51.49560584310269,1,0,0.0,4
2,50.066018,1.0,45.7161591789509,1,0,0.0,4
2,87.839437,1.0,51.83328204505402,1,0,0.0,4
2,57.949445,1.0,67.16273494932807,1,0,-2.842170943040401e-14,4
2,31.129432,1.0,134.8169483702406,1,0,-2.842170943040401e-14,4
2,38.671721,1.0,112.69059572442416,1,0,-7.815970093361102e-14,4
2,46.922756,1.0,82.19347211595719,1,0,0.0,4
2,31.706057,1.0,130.1691246274962,1,0,0.0,4
2,98.358202,1.0,17.421811121364435,1,0,0.0,4
2,80.420079,1.0,49.95512363646449,1,0,-4.973799150320701e-14,4
2,65.747066,1.0,47.65844845949529,1,0,0.0,4
2,1.106856,1.0,951.796106785616,0,1,-0.23750542510384776,7
2,7.335789,1.0,331.3640440207605,1,0,0.0,4
2,16.259185,1.0,126.47691432190028,1,1,-3.552713678800501e-14,6
2,142.184234,1.0,60.72886747539098,1,0,0.0,4
2,32.062822,1.0,91.37043837137246,1,0,0.0,4
2,144.596554,1.0,90.83932535949907,1,0,-4.263256414560601e-14,4
2,126.723641,1.0,82.83046718029014,1,1,0.0,6
2,60.753078,1.0,66.28363075235637,1,0,-2.1316282072803006e-14,4
2,10.077267,1.0,268.735672788369,1,1,-1.1368683772161603e-13,7
2,113.22344,1.0,45.30583638827389,1,0,-1.2789769243681803e-13,4
2,159.19919,1.0,139.95566964342936,1,0,-4.263256414560601e-14,4
2,21.079136,1.0,100.91057385568982,1,1,-1.1368683772161603e-13,6
2,50.155668,1.0,41.11005565022361,1,0,0.0,4
2,65.379961,1.0,37.85393734900533,1,0,-3.197442310920451e-14,4
2,9.522526,1.0,445.8084065009262,1,1,0.0,6
2,52.155602,1.0,29.37429247981223,1,0,-6.039613253960852e-14,4
2,83.303069,1.0,32.15647937287075,1,0,-5.3290705182007514e-14,4
2,71.392273,1.0,58.41295663656148,1,0,-5.684341886080802e-14,4
2,97.134327,1.0,38.091583256745025,1,0,-2.842170943040401e-14,4
2,2.284126,1.0,793.6309924186382,0,1,-0.03728946462956628,7
2,78.41768,1.0,26.288404433787274,1,0,0.0,4
2,42.657231,1.0,56.01995758127578,1,0,-7.105427357601002e-15,4
2,34.9659,1.0,103.62610098493512,1,0,-4.973799150320701e-14,4
2,84.987486,1.0,45.75340027629048,1,0,-1.5276668818842154e-13,4
2,85.049744,1.0,34.64323471625552,1,0,-1.4210854715202004e-14,4
2,7.465679,1.0,329.6148386067791,1,1,0.0,6
2,100.394925,1.0,26.929906457730645,1,0,-1.7763568394002505e-14,4
2,54.025853,1.0,31.47911417401053,1,0,-1.2434497875801753e-14,4
2,32.96166,1.0,61.11083154270152,1,0,-4.263256414560601e-14,4
2,33.156602,1.0,111.31079311456324,1,0,-1.4210854715202004e-14,4
2,165.917486,1.0,163.08030435201943,1,0,0.0,4
2,12.69,1.0,289.5146752783307,1,1,-2.842170943040401e-14,6
2,45.467103,1.0,71.09450207025007,1,0,-1.4210854715202004e-14,4
2,89.239784,1.0,33.77978563212697,1,0,-4.263256414560601e-14,4
2,41.763018,1.0,93.64016529474405,1,1,-2.842170943040401e-14,5
2,137.598672,1.0,48.354393625562764,1,0,-9.237055564881302e-14,4
2,64.461262,1.0,44.27570034869505,1,0,-4.973799150320701e-14,4
2,156.865229,1.0,84.49299812036436,1,0,-1.4210854715202004e-14,4
2,33.602865,1.0,86.2669015906525,1,1,-9.947598300641403e-14,5
2,6.218168,1.0,399.77813675622275,1,0,0.0,4
2,10.969,1.0,215.61435520293762,1,1,-8.526512829121202e-14,6
2,178.039538,1.0,1226.225350680015,1,1,0.0,3
2,169.102358,1.0,234.2082073845497,1,0,0.0,4
2,165.051143,1.0,151.52970717133027,1,0,-2.842170943040401e-14,4
2,133.451033,1.0,94.58836794972068,1,0,-1.4210854715202004e-14,4
2,7.097361,1.0,397.19507110094514,1,1,-2.842170943040401e-14,6
2,42.609013,1.0,60.32804766025902,0,1,-3.4574291841688307,7
2,136.123309,1.0,105.53334418353815,1,0,0.0,4
2,29.090444,1.0,117.06668672858301,1,0,-5.684341886080802e-14,4
2,136.483268,1.0,24.583073373280566,1,0,-5.329070518200751e-15,4
2,15.900154,1.0,152.69676967552954,1,0,-8.526512829121202e-14,4
2,18.48814,1.0,99.32204686728502,1,0,0.0,4
2,127.091241,1.0,37.45056330606572,1,0,-6.039613253960852e-14,4
2,17.798006,1.0,61.23058074403026,1,0,-1.1723955140041653e-13,4
2,93.267259,1.0,52.148452153466145,1,0,-9.592326932761353e-14,4
2,8.923337,1.0,269.79456938627675,1,1,0.0,6
2,70.715326,1.0,30.026509862420806,1,0,-2.1316282072803006e-14,4
2,74.840325,1.0,34.867249055807946,1,0,-1.0658141036401503e-14,4
2,174.243738,1.0,545.7781873419033,1,1,0.0,6
2,43.192877,1.0,84.60183260099717,1,0,0.0,4
2,43.920065,1.0,58.57309559220863,1,0,-3.197442310920451e-14,4
2,31.815211,1.0,137.34090857807132,1,1,0.0,5
2,39.113513,1.0,48.842293874126284,1,0,-3.907985046680551e-14,4
2,19.180742,1.0,169.30318105606742,1,0,-9.947598300641403e-14,4
2,134.43208,1.0,77.55762766729325,1,0,-1.4210854715202004e-14,4
2,29.91903,1.0,110.34224017271234,1,0,0.0,4
2,67.537637,1.0,30.83775312782503,1,0,0.0,4
2,14.441035,1.0,276.27250424821716,1,0,-5.684341886080802e-14,4
2,48.563145,1.0,87.7172521522726,1,0,0.0,4
2,67.957734,1.0,18.05689301519536,1,0,0.0,4
2,145.140834,1.0,120.98752828787013,1,0,-7.815970093361102e-14,4
2,98.877722,1.0,28.44944704034511,1,0,-1.1191048088221578e-13,4
2,114.074659,1.0,47.563257906247834,1,0,-9.947598300641403e-14,4
2,88.428881,1.0,41.521427619589375,1,0,0.0,4
2,105.40985,1.0,58.98302169777146,1,0,0.0,4
2,155.947929,1.0,171.69349568224393,1,0,0.0,4
2,169.468817,1.0,220.26685835049008,1,0,0.0,4
2,12.200713,1.0,172.94139613832021,1,1,-1.4210854715202004e-14,6
2,27.878304,1.0,80.2058211803383,1,0,-9.237055564881302e-14,4
2,38.648019,1.0,87.65524391656785,1,0,-1.0658141036401503e-13,4
2,105.498106,1.0,22.290282201501647,1,0,0.0,4
2,78.354804,1.0,34.58522603395064,1,0,-1.1368683772161603e-13,4
2,24.530369,1.0,95.27255468448293,1,0,-1.1368683772161603e-13,4
2,156.443901,1.0,151.96645839164913,1,0,-5.684341886080802e-14,4
2,129.667066,1.0,29.399422597179367,1,0,0.0,4
2,50.8071,1.0,69.98534662183584,1,0,0.0,4
2,64.63271,1.0,32.960113405238474,1,0,-6.750155989720952e-14,4
2,140.373294,1.0,101.94939549627775,1,1,0.0,6
2,9.304499,1.0,195.79002191286577,0,1,-0.5415930445804662,4
2,26.303571,1.0,102.40536052148204,1,0,-4.263256414560601e-14,4
2,22.8095,1.0,54.809331548641744,1,0,-5.3290705182007514e-14,4
2,39.387319,1.0,50.55105040400899,1,0,0.0,4
2,34.094921,1.0,82.04647940167843,1,0,-4.973799150320701e-14,4
2,54.077545,1.0,61.19225594051674,1,0,-1.7763568394002505e-14,4
2,115.315551,1.0,50.47393473103536,1,0,0.0,4
2,139.715758,1.0,78.23706167770835,1,0,0.0,4
2,29.623095,1.0,40.52098923756685,1,0,-3.907985046680551e-14,4
2,93.70092,1.0,27.862527651320562,1,0,0.0,4
2,88.715588,1.0,29.933099308651123,1,0,-7.105427357601002e-15,4
2,105.516702,1.0,55.11705364795868,1,0,-3.552713678800501e-14,4
2,147.742921,1.0,33.7513770761022,1,0,-1.0658141036401503e-14,4
2,138.67705,1.0,69.78701377844465,1,0,-2.842170943040401e-14,4
2,17.666039,1.0,102.94719317643312,1,1,-2.1316282072803006e-14,5
2,127.557752,1.0,38.94175015972607,1,0,0.0,4
2,27.690444,1.0,104.1569141328056,1,0,-7.105427357601002e-14,4
2,22.42179,1.0,158.32209581942868,1,1,-7.105427357601002e-14,5
2,142.036041,1.0,78.63318149434328,1,0,-5.684341886080802e-14,4
2,11.751526,1.0,263.4361895638975,1,0,0.0,4
2,5.778521,1.0,308.9941942454905,1,1,0.0,5
2,150.600984,1.0,50.61560118026285,1,0,-5.684341886080802e-14,4
2,65.51269,1.0,70.43243254970614,1,0,0.0,4
2,57.889177,1.0,38.043044432561985,1,0,0.0,4
2,136.592122,1.0,74.76121960058003,1,1,0.0,7
2,15.002689,1.0,217.23872913570708,1,0,0.0,4
2,0.493884,1.0,508.00654195001664,1,1,-2.842170943040401e-14,4
2,175.508097,1.0,290.23530436971794,1,0,-2.842170943040401e-14,4
2,177.24722,1.0,436.6415338200845,1,1,0.0,5
2,93.002527,1.0,35.733281283129244,1,0,-2.842170943040401e-14,4
2,108.304028,1.0,40.82546481253598,1,0,-2.842170943040401e-14,4
2,132.302549,1.0,42.32482453829103,1,0,-8.171241461241152e-14,4
2,47.277935,1.0,79.33231632261234,1,0,-7.105427357601002e-14,4
2,46.850626,1.0,70.83088755342284,1,1,0.0,7
2,65.320257,1.0,46.26173688735099,1,0,0.0,4
2,9.280837,1.0,368.20069413772126,1,1,-1.1368683772161603e-13,5
2,79.365387,1.0,25.803327914371295,1,0,-2.3092638912203256e-14,4
2,169.813929,1.0,292.1758423469827,1,0,0.0,4
2,136.007729,1.0,74.7387462015411,1,0,-2.842170943040401e-14,4
2,42.297303,1.0,75.74689354599187,1,0,-7.105427357601002e-15,4
2,133.49354,1.0,53.30011220349133,1,0,0.0,4
2,108.035486,1.0,54.55379409206124,1,0,0.0,4
2,65.478221,1.0,33.85713686743153,1,1,-1.0658141036401503e-13,5
2,4.426025,1.0,329.3138134285098,1,1,-8.526512829121202e-14,5
2,160.197311,1.0,105.27658492797093,1,1,-1.4210854715202004e-14,5
2,32.183062,1.0,139.04093649515653,1,1,-2.842170943040401e-14,5
2,4.118926,1.0,493.04445088071355,1,0,-1.1368683772161603e-13,4
2,21.630535,1.0,164.1765021743746,1,0,-1.4210854715202004e-14,4
2,99.35997,1.0,34.157470488800364,1,0,0.0,4
2,34.187304,1.0,104.0648095069716,1,0,0.0,4
2,26.069587,1.0,141.83027153847533,1,0,0.0,4
2,76.815853,1.0,49.365076433951565,1,0,-4.618527782440651e-14,4
2,69.276236,1.0,62.94134147333962,1,0,-8.881784197001252e-14,4
2,7.693043,1.0,508.4971042252588,1,1,0.0,6
2,38.797807,1.0,69.27265255657632,1,0,0.0,4
2,100.082828,1.0,46.6195409191682,1,0,0.0,4
2,40.488456,1.0,74.17864384996517,1,0,-5.684341886080802e-14,4
2,48.93025,1.0,68.0798313679298,1,0,0.0,4
2,106.389687,1.0,48.879570489285335,1,0,-2.4868995751603507e-14,4
2,66.321329,1.0,44.353665767834485,1,0,0.0,4
2,119.807859,1.0,53.024087749449045,1,0,0.0,4
2,120.006468,1.0,53.87210522502642,1,0,0.0,4
2,2.466057,1.0,770.8675460310266,0,1,-0.1753404343800753,7
2,76.268199,1.0,50.55579162649682,1,0,0.0,4
2,147.760257,1.0,107.71601084096713,1,0,0.0,4
2,100.82911,1.0,57.16360282169865,1,0,0.0,4
2,91.781083,1.0,42.72154313087437,1,1,0.0,5
2,90.083621,1.0,29.847780219065314,0,0,-0.4808947188777548,4
2,143.888165,1.0,65.30851112386686,1,0,-7.105427357601002e-15,4
2,29.377313,1.0,135.23073742405623,1,0,-1.4210854715202004e-14,4
2,100.826082,1.0,36.31617458869353,1,0,-2.4868995751603507e-14,4
2,113.194907,1.0,44.55501289231638,1,0,-1.4210854715202004e-14,4
2,19.549025,1.0,114.58083262395387,1,0,0.0,4
2,55.414335,1.0,43.17849186239329,1,0,-1.1368683772161603e-13,4
2,56.966671,1.0,61.10504300928252,1,0,0.0,4
2,6.084242,1.0,359.2490892710914,1,1,-8.526512829121202e-14,5
2,40.929277,1.0,86.77162982439138,1,0,-5.684341886080802e-14,4
2,51.446013,1.0,75.99938522759322,1,0,-4.973799150320701e-14,4
2,28.525877,1.0,151.98140151497557,1,0,0.0,4
2,130.995343,1.0,17.564472499866547,1,0,0.0,4
2,17.05116,1.0,268.41681670903057,1,0,0.0,4
2,114.046894,1.0,22.29607753600219,1,0,-1.2434497875801753e-14,4
2,160.858921,1.0,203.20208402035047,1,0,-4.263256414560601e-14,4
2,49.163069,1.0,64.46658015270378,1,0,-1.1368683772161603e-13,4
2,94.339385,1.0,32.60901885640745,1,0,-1.7763568394002505e-14,4
2,5.908896,1.0,588.4786727005584,1,1,-1.1368683772161603e-13,6
2,16.190572,1.0,147.39554264759087,1,1,-7.105427357601002e-14,6
2,3.556309,1.0,69.98508612569148,1,1,-4.973799150320701e-14,3
2,68.255814,1.0,34.65728646166119,1,1,0.0,5
2,160.539458,1.0,167.21368586963095,1,0,0.0,4
2,42.549072,1.0,73.0217207306973,1,0,0.0,4
2,96.383701,1.0,45.70551371201936,1,0,0.0,4
2,17.693199,1.0,130.4809526433069,1,1,-2.842170943040401e-14,5
2,52.212295,1.0,61.15250977910066,1,0,0.0,4
2,105.136812,1.0,58.816205081387366,1,0,-9.237055564881302e-14,4
2,11.16123,1.0,270.87082349144583,1,0,-8.526512829121202e-14,4
2,25.787575,1.0,98.04539783924695,1,0,0.0,4
2,149.003394,1.0,84.88420355718466,1,0,-3.552713678800501e-14,4
2,38.403665,1.0,54.089285132070735,1,0,0.0,4
2,130.282791,1.0,24.330214338105666,1,0,0.0,4
2,5.636685,1.0,483.80627884341095,1,1,-5.684341886080802e-14,6
2,33.82111,1.0,68.46317888938854,1,1,-2.1316282072803006e-14,6
2,175.00004,1.0,439.39463426534957,0,1,-0.08280974525303009,8
2,108.434435,1.0,56.74967276777129,1,0,0.0,4
2,8.801824,1.0,120.86579765372694,1,1,-4.263256414560601e-14,5
2,41.077434,1.0,92.76153376077592,1,0,0.0,4
2,90.843125,1.0,27.81853962588111,0,0,-0.24936408687195666,4
2,173.24468,1.0,604.74436715256,1,1,0.0,5
2,80.120483,1.0,29.443534559879843,1,0,0.0,4
2,43.679198,1.0,75.98174184029274,1,0,0.0,4
2,124.731229,1.0,47.771928141036234,1,0,-1.4210854715202004e-14,4
2,78.993967,1.0,51.93881891054931,1,0,-1.7763568394002505e-14,4
2,104.705391,1.0,32.0428338613672,1,0,-6.039613253960852e-14,4
2,175.974973,1.0,905.1276668143847,1,1,0.0,6
2,111.924713,1.0,41.26013488566344,1,0,-2.842170943040401e-14,4
2,132.057434,1.0,96.83486371818817,1,0,0.0,4
2,58.419474,1.0,68.00136569036327,1,0,0.0,4
2,17.754056,1.0,126.79869532454013,1,0,-2.1316282072803006e-14,4
2,8.732312,1.0,177.32541635177378,1,0,0.0,4
2,4.948891,1.0,575.4809736801081,1,1,0.0,6
2,129.429441,1.0,81.00166060382382,1,0,0.0,4
2,120.057602,1.0,65.56563405674069,1,0,-3.552713678800501e-14,4
2,99.528954,1.0,50.45007638200545,1,0,-8.881784197001252e-14,4
2,169.570268,1.0,190.7648844559553,1,0,-5.684341886080802e-14,4
2,43.18512,1.0,70.22711625093658,1,1,-9.237055564881302e-14,5
2,1.358886,1.0,475.66789292194466,0,1,-0.107628799792991,5
2,107.484878,1.0,45.89478492764067,1,0,-3.907985046680551e-14,4
2,41.41716,1.0,65.90614173276536,1,0,-2.1316282072803006e-14,4
2,129.110134,1.0,42.63721403348836,1,0,0.0,4
2,68.010552,1.0,22.11092697093918,0,1,-0.02615886964122005,4
2,169.681627,1.0,326.21270310580184,1,1,0.0,6
2,104.721901,1.0,21.046139153675366,1,0,-5.1514348342607263e-14,4
2,39.880438,1.0,39.71294737810094,1,0,-4.973799150320701e-14,4
2,83.441715,1.0,47.834101863724825,1,0,0.0,4
2,131.110456,1.0,48.71495456597454,1,0,-4.263256414560601e-14,4
2,165.233294,1.0,244.31994957011767,1,1,-4.263256414560601e-14,5
2,31.495408,1.0,138.04145123005395,1,0,0.0,4
2,37.7708,1.0,40.63977128626415,1,0,-5.3290705182007514e-14,4
2,87.793707,1.0,47.39030397822217,0,1,-0.17082957155215794,7
2,41.966223,1.0,47.94922616069262,0,1,-0.3682727622418014,4
2,146.670589,1.0,135.10958249030293,1,0,-4.263256414560601e-14,4
2,91.225124,1.0,31.047726885363023,0,0,-0.18890878840327652,4
2,135.752874,1.0,70.46498894362733,1,0,-9.237055564881302e-14,4
2,53.253248,1.0,83.2061696712639,1,1,-9.947598300641403e-14,6
2,12.097828,1.0,106.08047824217111,1,1,-2.842170943040401e-14,5
2,121.540137,1.0,71.79713698134293,1,0,0.0,4
2,23.323563,1.0,155.71200824892077,1,0,-1.4210854715202004e-14,4
2,8.489454,1.0,336.0921877331322,1,0,-5.684341886080802e-14,4
2,141.881069,1.0,20.18031083279274,1,0,0.0,4
2,26.59047,1.0,116.83610247102565,1,1,-2.1316282072803006e-14,6
2,9.108358,1.0,280.0526578559948,1,0,0.0,4
2,11.708492,1.0,328.2589947019898,1,0,0.0,4
2,150.003388,1.0,139.55180606846602,1,0,-1.4210854715202004e-14,4
2,174.61034,1.0,242.55543919988514,0,1,-0.12153049882839184,7
2,6.011428,1.0,547.4756971505345,1,1,0.0,6
2,74.706037,1.0,65.73873447823777,1,1,0.0,6
2,1.215716,1.0,521.7273583668768,1,1,-5.684341886080802e-14,3
2,5.124577,1.0,433.89474708860337,1,0,0.0,4
2,171.973441,1.0,321.64404751325765,1,1,0.0,6
2,110.940767,1.0,33.29707518187095,1,0,-4.618527782440651e-14,4
2,18.384849,1.0,185.64775186218094,1,0,0.0,4
2,29.063835,1.0,118.05450378212402,1,1,0.0,5
2,163.272989,1.0,249.8671777116581,1,1,0.0,5
2,128.702828,1.0,62.9324999982891,1,0,-4.263256414560601e-14,4
2,127.02319,1.0,43.165474774409354,1,0,0.0,4
2,68.396007,1.0,49.676674029843,1,0,-1.0658141036401503e-13,4
2,99.308197,1.0,32.37278450916457,1,0,0.0,4
2,0.440878,1.0,754.2442519164471,0,1,-0.1708592279344998,5
2,11.484755,1.0,146.73689936546455,1,1,0.0,5
2,11.416448,1.0,242.61114254502897,1,1,-2.842170943040401e-14,6
2,35.897658,1.0,126.97128945415976,1,0,-2.842170943040401e-14,4
2,99.516767,1.0,55.22767199526598,1,0,-2.4868995751603507e-14,4
2,140.56686,1.0,82.35125240694482,1,0,-2.842170943040401e-14,4
2,89.738214,1.0,55.78676043713596,1,0,0.0,4
2,40.565478,1.0,111.41226457687277,1,0,-7.105427357601002e-14,4
2,31.040952,1.0,30.99744665934511,1,0,-1.5276668818842154e-13,4
2,116.130777,1.0,37.33168300881353,1,0,-2.1316282072803006e-14,4
2,0.890691,1.0,1138.940664184981,0,1,-0.14758525321542493,5
2,84.583069,1.0,56.646578988818064,1,0,-1.3855583347321954e-13,4
2,37.950243,1.0,110.69009832364688,1,0,0.0,4
2,48.046393,1.0,63.311430858798666,1,0,0.0,4
2,151.817812,1.0,121.19656274308336,1,0,-5.684341886080802e-14,4
2,42.360603,1.0,114.70201443507871,1,0,-6.394884621840902e-14,4
2,126.913631,1.0,48.028948322491296,1,0,0.0,4
2,176.251963,1.0,676.7502736320334,1,1,-5.684341886080802e-14,4
2,153.50785,1.0,179.41110106031874,1,0,0.0,4
2,146.803798,1.0,105.6623729697181,1,0,0.0,4
2,74.564679,1.0,47.09937092105307,1,0,-1.0302869668521453e-13,4
2,15.996689,1.0,199.6000293595854,1,1,0.0,5
2,6.991312,1.0,428.88926513380125,1,1,-2.842170943040401e-14,6
2,111.819113,1.0,37.5473619114509,1,0,-1.0658141036401503e-14,4
2,89.756865,1.0,42.913496307607495,1,0,0.0,4
2,151.740791,1.0,89.7444596697276,1,0,0.0,4
2,69.738927,1.0,57.74535931409087,1,0,0.0,4
2,64.490068,1.0,54.54490241475191,1,0,0.0,4
2,38.261244,1.0,96.6339036870607,1,0,-9.237055564881302e-14,4
2,55.61273,1.0,80.44238429288724,1,0,-1.0658141036401503e-13,4
2,165.730849,1.0,304.9830923017688,1,0,-5.684341886080802e-14,4
2,88.285004,1.0,50.29535894289579,1,0,-6.750155989720952e-14,4
2,51.475763,1.0,50.24426365598993,1,0,-2.1316282072803006e-14,4
2,115.783742,1.0,43.06991804226167,1,0,-2.4868995751603507e-14,4
2,55.504088,1.0,79.21520427461701,1,0,-2.1316282072803006e-14,4
2,133.660129,1.0,62.00639137103857,1,0,0.0,4
2,158.295107,1.0,98.56309233217861,1,0,-1.1368683772161603e-13,4
2,114.812417,1.0,34.40851508057343,1,0,0.0,4
2,138.488015,1.0,55.345107261925186,1,0,-3.197442310920451e-14,4
2,55.412456,1.0,83.02508527913358,1,0,0.0,4
2,157.747993,1.0,99.88068979638918,1,0,0.0,4
2,102.762421,1.0,34.187070526664925,1,0,-4.973799150320701e-14,4
2,128.858423,1.0,68.51919349510433,1,0,-4.973799150320701e-14,4
2,3.909479,1.0,605.060800940463,1,1,-5.684341886080802e-14,6
2,56.625538,1.0,38.63842663211697,0,1,-4.383007310824432,5
2,168.649651,1.0,214.09057377291336,1,0,-8.526512829121202e-14,4
2,132.25734,1.0,51.541697337193064,1,0,-1.0658141036401503e-14,4
2,67.004472,1.0,33.255640277895075,0,1,-7.047194927512088,4
2,156.962879,1.0,49.14247885720954,1,0,0.0,4
2,30.758951,1.0,109.31710440348644,1,0,-5.684341886080802e-14,4
2,3.795656,1.0,643.8454465613759,1,1,0.0,5
2,87.699734,1.0,25.464976754368163,1,0,0.0,4
2,99.24581,1.0,52.60955592496896,1,0,0.0,4
2,130.754043,1.0,75.65276347595122,1,0,-7.105427357601002e-15,4
2,27.259825,1.0,100.04294092891088,1,0,-4.263256414560601e-14,4
2,82.814831,1.0,38.01878693327296,1,0,-3.907985046680551e-14,4
2,64.67072,1.0,36.69680700394423,1,1,-9.237055564881302e-14,6
2,21.370964,1.0,132.78564602239416,1,1,-1.4210854715202004e-14,7
2,47.472445,1.0,75.02722452099145,1,0,-2.1316282072803006e-14,4
2,6.265729,1.0,148.01541073515983,1,0,0.0,4
2,112.287798,1.0,48.48314963180111,1,0,0.0,4
2,83.068288,1.0,36.99165764352133,1,0,0.0,4
2,141.5312,1.0,77.61512959594548,1,0,0.0,4
2,16.401571,1.0,201.7567789139191,1,0,0.0,4
2,61.073178,1.0,62.635182134216755,1,0,-5.684341886080802e-14,4
2,93.541448,1.0,15.847126063524613,1,0,0.0,4
2,176.132405,1.0,288.97743714914935,0,1,-0.4528033957368507,8
2,160.909822,1.0,163.69040224308915,1,0,-2.842170943040401e-14,4
2,36.809462,1.0,107.40563435001926,1,0,0.0,4
2,136.432235,1.0,73.99300531557071,1,0,-1.4210854715202004e-14,4
2,97.286482,1.0,40.305136807333376,1,1,-2.842170943040401e-14,5
2,12.753205,1.0,218.39777390074272,1,1,0.0,6
2,122.912976,1.0,67.83523820095176,1,0,0.0,4
2,61.211601,1.0,55.958319979865436,1,0,-2.4868995751603507e-14,4
2,43.69802,1.0,60.931861422337306,1,1,-1.1368683772161603e-13,5
2,106.803547,1.0,46.563446282490986,1,0,0.0,4
2,54.850612,1.0,44.416373724116504,1,0,0.0,4
2,23.600441,1.0,142.4980841340246,1,0,0.0,4
2,174.362728,1.0,528.9579982683698,1,0,0.0,4
2,78.489993,1.0,22.053131831479206,1,0,-8.881784197001252e-15,4
2,105.281513,1.0,40.04328654775791,0,1,-0.2753498508247283,6
2,144.179191,1.0,70.9685175572797,1,0,0.0,4
2,12.638041,1.0,229.82316284144733,1,0,-2.842170943040401e-14,4
2,95.760315,1.0,24.307607768251977,1,0,0.0,4
2,17.327555,1.0,136.81292338026765,1,0,0.0,4
2,130.162558,1.0,32.37839457830334,1,0,-5.3290705182007514e-14,4
2,25.372509,1.0,122.90411369954884,1,0,-5.684341886080802e-14,4
2,113.038502,1.0,50.950029751662804,1,0,0.0,4
2,153.943811,1.0,145.86316650271206,1,1,0.0,6
2,52.896743,1.0,51.90786705314161,1,0,-4.618527782440651e-14,4
2,90.928076,1.0,42.67860544170571,0,0,-0.3347033718735055,4
2,47.408055,1.0,87.05643231430308,1,0,0.0,4
2,50.029361,1.0,49.30537139057576,1,0,-4.618527782440651e-14,4
2,7.200482,1.0,293.6701518722524,0,1,-0.20622115609285174,6
2,65.247834,1.0,55.25990904677395,1,0,-3.552713678800501e-14,4
2,74.760134,1.0,47.862729156189275,0,1,-0.40305755627489503,6
2,35.002578,1.0,106.75480725636638,1,0,0.0,4
2,22.640369,1.0,130.80909591198468,1,0,-2.842170943040401e-14,4
2,44.699859,1.0,61.83587545918825,1,0,-2.1316282072803006e-14,4
2,32.389033,1.0,112.72283386713396,1,1,-4.973799150320701e-14,6
2,57.172858,1.0,59.09911885411886,1,0,0.0,4
2,110.588903,1.0,48.50634923692433,1,0,-2.1316282072803006e-14,4
2,67.817558,1.0,45.14390822342613,1,0,-1.1013412404281553e-13,4
2,25.789353,1.0,30.17593775191464,0,1,-0.057102646064130624,3
2,127.140865,1.0,61.35122243107684,1,0,-2.4868995751603507e-14,4
2,27.89748,1.0,113.18863091472845,1,0,0.0,4
2,119.98054,1.0,69.39519728806503,1,0,-7.815970093361102e-14,4
2,64.445054,1.0,60.03500705299949,1,0,0.0,4
2,73.543379,1.0,56.48703083550234,1,0,0.0,4
2,6.292433,1.0,337.9439065531898,1,1,-5.684341886080802e-14,6
2,99.860884,1.0,45.086631099284496,1,0,0.0,4
2,12.329418,1.0,218.56672123490236,1,0,-2.842170943040401e-14,4
2,91.857991,1.0,41.41525437643957,0,0,-0.05138089364262299,4
2,59.740909,1.0,61.31784437601796,1,0,-7.105427357601002e-15,4
2,168.352478,1.0,266.8942543103935,1,0,-2.842170943040401e-14,4
2,6.310355,1.0,295.96028128117973,1,0,0.0,4
2,91.494346,1.0,56.93314371038122,0,0,-0.22560825299081344,4
2,53.345851,1.0,57.66769184167422,1,0,-1.0658141036401503e-14,4
2,69.884028,1.0,53.079221213399066,1,0,-3.197442310920451e-14,4
2,0.964167,1.0,515.3493162705045,0,1,-0.28257944909898924,4
2,99.029238,1.0,36.99072800541369,1,0,0.0,4
2,173.59778,1.0,271.7653390984103,1,1,-2.842170943040401e-14,4
2,38.971517,1.0,85.364449524298,1,1,-1.3500311979441904e-13,9
2,41.56331,1.0,62.44267371517517,1,0,-7.460698725481052e-14,4
2,65.755584,1.0,31.47420182719853,1,0,-5.329070518200751e-15,4
2,60.103401,1.0,38.430315449981315,1,0,-4.973799150320701e-14,4
2,64.862268,1.0,52.37433973481149,1,0,-1.1368683772161603e-13,4
2,142.056063,1.0,59.35526194197828,1,0,-4.263256414560601e-14,4
2,29.372005,1.0,109.72987106584247,1,0,-1.1368683772161603e-13,4
2,162.398721,1.0,199.6036195508372,1,0,-4.263256414560601e-14,4
2,51.073087,1.0,26.740332581285298,1,0,-2.842170943040401e-14,4
2,95.017252,1.0,35.92064790722938,1,0,0.0,4
2,68.967136,1.0,70.27316674250841,1,0,0.0,4
2,82.66558,1.0,26.0285461944638,1,0,-1.5987211554602254e-14,4
2,55.924194,1.0,54.5197026892257,1,0,-6.750155989720952e-14,4
2,105.060445,1.0,15.502705241857008,1,0,-4.085620730620576e-14,4
2,149.372151,1.0,84.74141689247115,1,0,-9.947598300641403e-14,4
2,46.759821,1.0,73.56406034127804,1,0,0.0,4
2,21.187694,1.0,197.89460612267047,1,0,0.0,4
2,11.806499,1.0,225.2600789723446,1,1,-1.4210854715202004e-14,6
2,144.67294,1.0,74.71896445833336,1,0,0.0,4
2,70.149235,1.0,60.02577305653184,1,0,-1.1013412404281553e-13,4
2,35.190569,1.0,87.03150112932131,1,0,-2.842170943040401e-14,4
2,117.855278,1.0,55.67627291069447,1,0,0.0,4
2,1.876102,1.0,188.60678459413086,0,1,-0.09081326644503918,4
2,146.448347,1.0,97.1983158123997,1,0,0.0,4
2,79.018515,1.0,48.08650069359402,1,0,0.0,4
2,95.881779,1.0,45.6127949303421,1,0,-7.460698725481052e-14,4
2,1.444854,1.0,612.8239735776481,1,1,-1.1368683772161603e-13,5
2,30.426911,1.0,110.57769834270402,1,0,0.0,4
2,93.553527,1.0,57.686185468180874,1,0,0.0,4
2,167.283467,1.0,252.23423360129752,1,0,0.0,4
2,84.607787,1.0,37.50018446944906,1,0,-2.1316282072803006e-14,4
2,20.618622,1.0,153.98004269328354,1,0,0.0,4
2,30.783988,1.0,124.34534348009144,1,0,0.0,4
2,74.918558,1.0,48.81716650380832,1,0,-1.0302869668521453e-13,4
2,61.944384,1.0,56.29176860924671,1,0,-7.460698725481052e-14,4
2,77.010423,1.0,51.880008162950034,1,0,-4.263256414560601e-14,4
2,2.198392,1.0,420.7569365493754,1,1,-1.1368683772161603e-13,5
2,9.825211,1.0,274.56044485536006,1,0,-8.526512829121202e-14,4
2,165.194464,1.0,185.20407681194217,1,1,-1.4210854715202004e-14,6
2,160.245603,1.0,213.41831026450197,1,0,0.0,4
2,46.9898,1.0,84.19736884910182,1,0,0.0,4
2,92.968819,1.0,40.04911823849425,1,0,0.0,4
2,163.566927,1.0,205.16556834656393,1,0,0.0,4
2,150.0745,1.0,135.9345088050455,1,0,-4.263256414560601e-14,4
2,47.117087,1.0,46.92804467668825,1,0,0.0,4
2,71.225086,1.0,45.217408191346465,1,0,-3.552713678800501e-14,4
2,62.155112,1.0,77.50955759264998,1,0,0.0,4
2,113.832636,1.0,36.793697651587564,1,0,-8.526512829121202e-14,4
2,13.670713,1.0,89.90054943244752,1,1,-4.973799150320701e-14,6
2,114.239446,1.0,55.51970764668413,0,1,-0.4324130615880719,6
2,62.388732,1.0,51.030726644899715,1,0,-5.684341886080802e-14,4
2,53.007956,1.0,54.53399375664679,1,0,-6.039613253960852e-14,4
2,120.79192,1.0,69.1473537733147,1,0,-7.815970093361102e-14,4
2,43.541382,1.0,64.1945309496622,1,0,-3.552713678800501e-14,4
2,3.563523,1.0,545.2634072334731,1,1,0.0,6
2,31.600993,1.0,60.53695150879025,1,0,-3.907985046680551e-14,4
2,73.838565,1.0,33.01447315751507,1,0,0.0,4
2,95.745864,1.0,42.625491109628136,1,0,-9.947598300641403e-14,4
2,173.855293,1.0,407.41595785582956,1,0,-5.684341886080802e-14,4
2,43.821913,1.0,99.96994573988299,1,0,-4.263256414560601e-14,4
2,127.338136,1.0,58.51932117555454,0,1,-0.49578728572257447,5
2,138.981355,1.0,55.70877180951387,1,0,-7.105427357601002e-15,4
2,19.843364,1.0,184.2778892828261,1,1,-5.684341886080802e-14,6
2,128.874609,1.0,65.34201288782484,1,0,-7.105427357601002e-15,4
2,59.757453,1.0,38.63578356985927,1,0,-4.263256414560601e-14,4
2,30.547913,1.0,127.58945313746881,1,1,0.0,6
2,74.443068,1.0,42.22870477672744,1,0,-6.039613253960852e-14,4
2,38.270797,1.0,89.1497064876231,1,0,0.0,4
2,20.380305,1.0,148.66336308669977,1,1,-5.684341886080802e-14,6
2,111.389897,1.0,46.808705672522045,1,0,-3.552713678800501e-15,4
2,59.602148,1.0,84.20646776601387,1,0,0.0,4
2,46.642068,1.0,64.0449327944071,1,0,-7.815970093361102e-14,4
2,10.371787,1.0,185.73637715094972,1,1,0.0,5
2,145.226821,1.0,38.922685384082726,1,0,-8.881784197001252e-14,4
2,64.403175,1.0,42.830864978256656,1,0,-1.1013412404281553e-13,4
2,140.344699,1.0,86.57762623884655,1,0,0.0,4
2,160.886444,1.0,212.96443312073407,1,0,-2.842170943040401e-14,4
2,34.398912,1.0,139.83843193531288,1,0,0.0,4
2,82.272001,1.0,66.50278868382142,1,0,0.0,4
2,110.12641,1.0,64.22333637884628,1,0,0.0,4
2,94.564003,1.0,41.91312254652837,1,0,-7.105427357601002e-14,4
2,56.360855,1.0,53.35729929448526,1,0,-9.237055564881302e-14,4
2,125.577811,1.0,41.920513537228295,1,0,-1.1723955140041653e-13,4
2,124.330129,1.0,28.07930817547465,1,0,-8.526512829121202e-14,4
2,166.10236,1.0,225.29277923345893,1,0,-4.263256414560601e-14,4
2,61.674951,1.0,36.04648326127698,1,0,-5.3290705182007514e-14,4
2,129.973122,1.0,49.375306849113066,1,0,0.0,4
2,147.33475,1.0,135.92813917502525,1,0,0.0,4
2,105.964505,1.0,51.31805390174018,1,0,-2.842170943040401e-14,4
2,29.339978,1.0,72.14037137642745,1,0,-1.4210854715202004e-14,4
2,111.406765,1.0,42.91456799483438,1,1,-3.552713678800501e-15,5
2,27.245533,1.0,137.959220881192,1,1,0.0,7
2,168.774307,1.0,209.47017923794812,1,0,-5.684341886080802e-14,4
2,24.910784,1.0,87.48173839525151,1,0,-2.1316282072803006e-14,4
2,153.913215,1.0,142.35390425435438,1,0,-1.4210854715202004e-14,4
2,10.260525,1.0,228.27468735188273,1,0,-5.684341886080802e-14,4
2,84.669792,1.0,53.152874578324784,1,0,0.0,4
2,59.081149,1.0,47.12387031685453,1,0,0.0,4
2,79.41464,1.0,37.21162453876438,1,0,0.0,4
2,165.185054,1.0,148.61433439181698,1,0,-1.1368683772161603e-13,4
2,169.11868,1.0,168.45964634245183,1,0,-2.842170943040401e-14,4
2,118.190937,1.0,52.82543349413881,1,0,-7.105427357601002e-15,4
2,81.058414,1.0,36.73668756198268,1,0,-1.5276668818842154e-13,4
2,9.861636,1.0,430.58778017403733,1,0,-8.526512829121202e-14,4
2,142.232542,1.0,73.61646528865676,1,0,-4.973799150320701e-14,4
2,128.467214,1.0,48.9248256555481,1,0,0.0,4
2,36.149787,1.0,119.51136960055604,1,0,0.0,4
2,101.758595,1.0,23.735824074884604,1,0,-1.0658141036401503e-14,4
2,6.140148,1.0,367.98111228808096,1,1,-5.684341886080802e-14,6
2,37.200858,1.0,51.39171421660847,1,0,-4.263256414560601e-14,4
2,150.950089,1.0,122.65378202536563,1,0,0.0,4
2,157.492765,1.0,189.15560078616534,1,1,-5.684341886080802e-14,6
2,114.89794,1.0,45.7077322190196,1,0,-6.394884621840902e-14,4
2,46.020209,1.0,84.41140358983155,1,0,-7.105427357601002e-15,4
2,51.659332,1.0,51.275338937124125,1,0,-1.1368683772161603e-13,4
2,82.03298,1.0,14.043913110834614,1,0,-8.881784197001252e-15,4
2,49.192711,1.0,67.06975191183841,1,0,0.0,4
2,8.685943,1.0,269.13041410321745,1,1,-8.526512829121202e-14,5
2,19.14467,1.0,144.2468000615588,1,0,-5.684341886080802e-14,4
2,46.889589,1.0,19.563291813852523,1,0,0.0,4
2,97.851741,1.0,61.9719547983805,1,0,-2.842170943040401e-14,4
2,25.006097,1.0,193.87041808112943,1,0,0.0,4
2,54.803845,1.0,58.42287840887019,1,0,-7.105427357601002e-15,4
2,66.330802,1.0,37.74051225755699,1,0,-2.1316282072803006e-14,4
2,9.470934,1.0,271.3810282400451,1,0,-2.842170943040401e-14,4
2,170.359348,1.0,241.95814064517165,1,0,-5.684341886080802e-14,4
2,64.783021,1.0,58.45172746487027,1,0,-3.907985046680551e-14,4
2,124.29856,1.0,63.40490054628849,1,1,0.0,7
2,63.213118,1.0,44.31239739689603,1,0,0.0,4
2,12.087318,1.0,148.94072408808623,1,1,-9.947598300641403e-14,6
2,96.551529,1.0,26.639771355733824,1,0,0.0,4
2,14.221606,1.0,238.52598332962236,1,0,-5.684341886080802e-14,4
2,19.038576,1.0,106.9999167433284,1,1,0.0,4
2,118.490804,1.0,37.63852438725393,1,0,-1.4210854715202004e-14,4
2,89.732145,1.0,44.23726218139473,1,0,-8.171241461241152e-14,4
2,17.787092,1.0,107.67489088789573,1,1,-1.2079226507921703e-13,6
2,138.043242,1.0,47.38700641493473,1,0,-7.105427357601002e-15,4
2,18.571653,1.0,84.13466808796493,1,0,-1.0658141036401503e-13,4
2,168.99935,1.0,191.47267300590136,1,1,-1.1368683772161603e-13,4
2,25.391175,1.0,66.06518399423292,1,0,-1.4210854715202004e-14,4
2,21.266887,1.0,147.18577078384834,1,1,-1.4210854715202004e-14,6
2,20.528229,1.0,169.05148525578002,1,0,0.0,4
2,36.898906,1.0,123.40220920818939,1,0,-1.4210854715202004e-14,4
2,79.042159,1.0,58.89992158655674,1,0,0.0,4
2,35.534159,1.0,91.19142701457143,1,0,-2.1316282072803006e-14,4
2,74.162021,1.0,60.43786341469051,1,0,-2.4868995751603507e-14,4
2,56.208526,1.0,34.969974653366094,1,0,-5.684341886080802e-14,4
2,61.463397,1.0,55.74227072490901,1,0,-3.907985046680551e-14,4
2,99.653045,1.0,43.45020467910289,1,0,-2.1316282072803006e-14,4
2,113.999824,1.0,57.149379252223625,1,0,0.0,4
2,150.683107,1.0,97.65977754202456,1,0,0.0,4
2,129.558585,1.0,71.18814292743018,1,0,-6.394884621840902e-14,4
2,69.482377,1.0,50.75461558764108,1,0,-4.973799150320701e-14,4
2,28.966027,1.0,95.96713265334553,1,0,-4.973799150320701e-14,4
2,28.186219,1.0,86.38110808284486,1,0,-2.1316282072803006e-14,4
2,103.721448,1.0,46.77535313806443,1,0,0.0,4
2,46.816858,1.0,83.73074607711821,1,1,-4.973799150320701e-14,6
2,32.190633,1.0,128.04361334612148,1,0,-1.4210854715202004e-14,4
2,156.423452,1.0,114.41250193362681,1,1,0.0,4
2,55.25209,1.0,82.07059165514924,1,1,-7.105427357601002e-15,5
2,43.053156,1.0,90.34873228911968,1,0,-3.552713678800501e-14,4
2,48.487621,1.0,97.58835176048353,1,0,-4.973799150320701e-14,4
2,27.022803,1.0,90.27045553392759,1,0,0.0,4
2,44.304666,1.0,39.840919855873864,1,0,-1.7763568394002505e-14,4
2,10.376643,1.0,325.1232838979462,1,1,0.0,6
2,66.768292,1.0,75.31745976986122,1,0,-4.263256414560601e-14,4
2,35.524372,1.0,92.40114957981304,1,0,0.0,4
2,36.325845,1.0,133.96875543752128,1,1,-8.526512829121202e-14,6
2,79.880622,1.0,50.21336970049013,1,0,0.0,4
2,80.936437,1.0,36.914431091329526,1,0,0.0,4
2,84.911217,1.0,26.935566888315808,1,0,-5.5067062021407764e-14,4
2,64.310935,1.0,65.67204932236724,1,0,-8.526512829121202e-14,4
2,45.553435,1.0,61.161920423085355,1,0,-7.105427357601002e-15,4
2,11.560157,1.0,271.5454596200605,1,0,-1.1368683772161603e-13,4
2,32.539066,1.0,83.75402721753967,1,0,0.0,4
2,141.518442,1.0,29.408218006847907,1,0,0.0,4
2,88.136521,1.0,27.466248379194422,1,0,0.0,4
2,62.871733,1.0,46.013991770589,1,0,0.0,4
2,20.431767,1.0,132.52376553948358,1,1,-1.4210854715202004e-14,6
2,52.173898,1.0,81.8028499724573,1,0,0.0,4
2,42.890969,1.0,77.44096870615758,1,0,0.0,4
2,16.238931,1.0,129.62000856646432,1,0,0.0,4
2,44.220847,1.0,43.249042689821984,1,0,-1.1368683772161603e-13,4
2,80.042747,1.0,56.928391156450004,1,0,-1.2789769243681803e-13,4
2,42.618718,1.0,59.02060697043598,1,0,0.0,4
2,33.498187,1.0,96.5645056669435,1,1,-7.105427357601002e-15,6
2,103.859646,1.0,50.62381012054018,1,0,0.0,4
2,156.600166,1.0,122.6237639950229,1,0,0.0,4
2,61.118627,1.0,56.58259498611675,1,0,0.0,4
2,53.511837,1.0,61.33702129910856,1,1,-7.105427357601002e-15,6
2,10.36657,1.0,310.0588977861418,1,0,-5.684341886080802e-14,4
2,164.805567,1.0,229.13434695136044,1,0,0.0,4
2,115.462594,1.0,58.366214491952,1,0,0.0,4
2,154.288147,1.0,36.928711967166656,1,0,0.0,4
2,19.570716,1.0,141.43860941318263,1,1,-8.526512829121202e-14,6
2,149.256791,1.0,102.63769554741945,1,1,0.0,5
2,11.615925,1.0,183.47111816635731,0,1,-0.13277094150495827,6
2,95.073377,1.0,38.77249636420456,1,0,-6.394884621840902e-14,4
2,174.357292,1.0,372.64040615077175,1,1,0.0,5
2,57.717608,1.0,63.40788114072615,1,0,0.0,4
2,51.684192,1.0,65.11406184933665,1,0,-5.684341886080802e-14,4
2,107.982282,1.0,57.441112359248784,1,0,0.0,4
2,39.156703,1.0,89.08372489936275,1,0,0.0,4
2,105.178707,1.0,67.27499885499908,1,0,-4.263256414560601e-14,4
2,89.328695,1.0,42.40863712737359,1,0,-3.552713678800501e-14,4
2,30.642457,1.0,123.45533177103943,1,1,0.0,6
2,3.733935,1.0,613.1367611772489,1,1,-5.684341886080802e-14,5
2,36.289551,1.0,115.31914493230849,1,0,-2.1316282072803006e-14,4
2,132.650621,1.0,50.270649624319205,1,0,0.0,4
2,4.884515,1.0,333.77123758828094,0,1,-0.6431445631687325,5
2,82.158478,1.0,27.801535674375227,1,0,-3.197442310920451e-14,4
2,54.971862,1.0,27.907694602577898,1,0,0.0,4
2,40.991055,1.0,68.50403481583345,1,0,-2.1316282072803006e-14,4
2,67.874156,1.0,40.136878111152036,1,0,0.0,4
2,38.60094,1.0,71.3355258190998,1,0,-4.973799150320701e-14,4
2,44.126837,1.0,70.90413928333777,1,0,0.0,4
2,30.713996,1.0,125.98904680893503,1,0,0.0,4
2,98.695623,1.0,37.60977692740265,1,0,-2.4868995751603507e-14,4
2,96.897397,1.0,51.952365056803984,1,0,-1.2434497875801753e-13,4
2,52.901761,1.0,58.26009717403546,1,0,-2.4868995751603507e-14,4
2,8.323439,1.0,251.01699301890264,1,1,0.0,6
2,99.343043,1.0,12.14193564405041,1,0,-2.6645352591003757e-15,4
2,14.224707,1.0,181.05725212601163,1,0,0.0,4
2,3.368581,1.0,531.7024917126901,0,1,-0.0858241151492507,6
2,10.984757,1.0,283.35565913289645,1,0,-2.842170943040401e-14,4
2,46.749978,1.0,37.004413513058395,1,0,-3.197442310920451e-14,4
2,22.793417,1.0,191.5912505595983,1,0,-5.684341886080802e-14,4
2,106.215152,1.0,24.705357958883408,1,0,-7.993605777301127e-14,4
2,40.405558,1.0,62.954047417277586,1,0,-2.1316282072803006e-14,4
2,104.584257,1.0,39.88824115798276,1,0,0.0,4
2,62.549367,1.0,19.780304668844778,1,0,0.0,4
2,7.484729,1.0,321.02665971732534,1,1,-2.842170943040401e-14,7
2,98.465717,1.0,42.248892619875235,1,0,0.0,4
2,77.308312,1.0,50.026925236542006,1,0,-5.684341886080802e-14,4
2,120.234389,1.0,71.15230295479361,1,0,-5.684341886080802e-14,4
2,101.319833,1.0,50.63877219693977,1,0,-5.3290705182007514e-14,4
2,5.733851,1.0,397.55633096815654,1,1,-2.842170943040401e-14,7
2,66.173618,1.0,65.19542602268906,1,0,-2.1316282072803006e-14,4
2,124.002505,1.0,50.41853513042763,1,0,0.0,4
2,159.483555,1.0,202.83387146831487,1,0,0.0,4
2,65.429481,1.0,49.32207788753844,1,0,-4.973799150320701e-14,4
2,106.103748,1.0,38.325406682969025,1,0,0.0,4
2,158.71328,1.0,84.2987577546754,1,0,0.0,4
2,6.072466,1.0,375.8924204264026,1,1,-1.1368683772161603e-13,6
2,42.043641,1.0,53.38777192590531,1,0,0.0,4
2,89.80814,1.0,54.00764727228175,1,0,-7.460698725481052e-14,4
2,24.990176,1.0,118.35231581182981,1,1,-1.4210854715202004e-14,5
2,145.445346,1.0,98.02178256774472,1,0,0.0,4
2,108.495229,1.0,46.67464777289943,1,0,0.0,4
2,111.481745,1.0,53.80761763850337,1,0,0.0,4
2,33.373509,1.0,48.062600371346036,1,0,-3.197442310920451e-14,4
2,2.360044,1.0,390.7320390770994,0,1,-0.3290077418405417,4
2,50.315253,1.0,29.489305854394317,1,0,-1.0480505352461478e-13,4
2,110.726578,1.0,19.439586719229244,1,0,-8.171241461241152e-14,4
2,18.910235,1.0,158.61444446253242,1,0,-9.947598300641403e-14,4
2,88.025187,1.0,56.24386637980435,1,0,-6.394884621840902e-14,4
2,48.682886,1.0,47.8207796249041,1,0,-1.1368683772161603e-13,4
2,31.743162,1.0,131.4646381292295,1,0,-1.4210854715202004e-14,4
2,30.527006,1.0,99.56293765458898,1,0,-4.973799150320701e-14,4
2,22.129334,1.0,152.9490802591239,1,0,-4.263256414560601e-14,4
2,55.440688,1.0,52.91469515570366,1,1,-2.842170943040401e-14,7
2,67.40729,1.0,47.613037866590524,1,0,-1.2789769243681803e-13,4
2,75.452942,1.0,45.11248254949677,1,0,0.0,4
2,34.511431,1.0,113.39437030903109,1,0,-2.1316282072803006e-14,4
2,84.018268,1.0,35.27039796454595,1,0,-8.526512829121202e-14,4
2,33.100318,1.0,94.59297115672567,1,0,0.0,4
2,22.409078,1.0,70.29202910418583,1,0,0.0,4
2,116.492706,1.0,66.3109512112716,1,0,-5.684341886080802e-14,4
2,8.157084,1.0,411.53052376596276,1,0,-2.842170943040401e-14,4
2,44.807485,1.0,58.159843003659816,1,0,0.0,4
2,33.827961,1.0,69.72925289379225,1,0,-2.842170943040401e-14,4
2,104.916467,1.0,36.835782819977894,1,0,0.0,4
2,54.339905,1.0,60.206704096082795,1,0,0.0,4
2,104.510923,1.0,28.002377760274186,1,0,-5.3290705182007514e-14,4
2,88.700701,1.0,42.3540808175359,1,0,0.0,4
2,6.000845,1.0,217.47105467142,0,1,-0.6648877042313899,5
2,111.346561,1.0,49.91942167091837,1,0,-7.105427357601002e-15,4
2,163.901841,1.0,218.9028988475033,1,0,-9.947598300641403e-14,4
2,91.460942,1.0,35.84596571890655,0,0,-0.14740372163621274,4
2,124.318549,1.0,49.378348749200164,1,0,-7.105427357601002e-14,4
2,44.508304,1.0,92.27253295848058,1,0,-7.815970093361102e-14,4
2,77.261745,1.0,51.09548228054733,1,0,-3.197442310920451e-14,4
2,13.793782,1.0,213.94555304976222,1,0,-7.105427357601002e-14,4
2,61.789437,1.0,53.75387362399969,1,0,0.0,4
2,128.1857,1.0,96.16184743912558,1,0,-2.1316282072803006e-14,4
2,101.830431,1.0,52.82738742854869,1,0,-2.4868995751603507e-14,4
2,177.476563,1.0,827.8282973725278,1,1,0.0,4
2,54.671928,1.0,44.25589203325891,1,0,-5.684341886080802e-14,4
2,178.911415,1.0,296.8744092884547,0,1,-0.1742791004468529,7
2,30.564158,1.0,133.5425432502147,1,0,0.0,4
2,85.971326,1.0,41.542766261627285,1,0,-1.0302869668521453e-13,4
2,178.376412,1.0,623.2301856086987,0,1,-0.277988507279872,6
2,7.889747,1.0,123.18505271427856,1,1,-1.1368683772161603e-13,4
2,32.29949,1.0,117.9265580680917,1,0,-7.105427357601002e-15,4
2,35.365006,1.0,118.55810193932807,1,0,0.0,4
2,32.342166,1.0,104.69524814680207,1,0,-2.842170943040401e-14,4
2,9.158366,1.0,167.63541407128727,1,1,0.0,5
2,137.85186,1.0,48.711358661489726,1,0,0.0,4
2,120.530381,1.0,60.55300528648898,1,0,0.0,4
2,99.28628,1.0,58.34351343353122,1,0,0.0,4
2,139.33164,1.0,107.96011088403294,1,0,-3.552713678800501e-14,4
2,111.767284,1.0,42.43574111132179,1,0,-5.684341886080802e-14,4
2,92.53283,1.0,47.30500438562637,1,0,-6.750155989720952e-14,4
2,152.219016,1.0,120.02684869588,1,0,-3.552713678800501e-14,4
2,63.762048,1.0,66.25465492914884,1,0,-5.684341886080802e-14,4
2,4.908278,1.0,276.3728168248077,0,1,-0.3370718004841251,5
2,152.095128,1.0,81.03599467945048,1,0,-4.263256414560601e-14,4
2,101.081722,1.0,49.28993651581906,1,0,0.0,4
2,157.504536,1.0,127.9081146230533,1,0,-3.552713678800501e-14,4
2,89.304184,1.0,34.213783688592436,1,0,-5.684341886080802e-14,4
2,149.465187,1.0,137.04029260696433,1,0,-2.842170943040401e-14,4
2,153.727755,1.0,77.42776075375495,1,0,0.0,4
2,15.758262,1.0,184.52874897390544,1,0,0.0,4
2,80.130574,1.0,43.70643496820716,1,0,0.0,4
2,7.844536,1.0,327.6624694678182,1,1,-2.842170943040401e-14,6
2,79.050934,1.0,49.414741339320805,1,0,0.0,4
2,58.657476,1.0,54.93650188405998,1,0,0.0,4
2,79.792975,1.0,32.18577485129401,1,0,0.0,4
2,63.637483,1.0,50.06103276231128,1,0,-2.1316282072803006e-14,4
2,26.441807,1.0,77.27718423583397,1,0,-2.842170943040401e-14,4
2,33.775279,1.0,96.1250443345124,1,0,-1.2789769243681803e-13,4
2,72.629699,1.0,23.838088747651746,1,0,-1.9539925233402755e-14,4
2,70.936077,1.0,51.92000693444104,1,0,0.0,4
2,168.184658,1.0,196.94808454138357,1,1,-2.842170943040401e-14,5
2,96.566046,1.0,43.211010938243476,1,0,-3.552713678800501e-14,4
2,47.734018,1.0,108.6270819414635,1,0,0.0,4
2,101.122932,1.0,65.28738494452448,1,0,-3.552713678800501e-14,4
2,107.011218,1.0,56.61377511107203,1,0,0.0,4
2,139.037172,1.0,113.83821523697436,1,0,-7.105427357601002e-15,4
2,70.886534,1.0,35.84171424088509,1,0,-5.3290705182007514e-14,4
2,46.772666,1.0,91.01933562098428,1,0,-6.394884621840902e-14,4
2,61.022992,1.0,46.09942257673489,1,0,0.0,4
2,170.661002,1.0,374.7074019894291,1,1,0.0,6
2,77.857315,1.0,44.74298837300437,1,0,-1.1013412404281553e-13,4
2,145.573581,1.0,68.09890032320767,1,0,-7.105427357601002e-15,4
2,68.194444,1.0,38.95977498094322,1,0,-1.7763568394002505e-14,4
2,42.793452,1.0,95.76575732252692,1,1,-7.105427357601002e-15,6
2,18.863307,1.0,186.1905029451101,1,0,-2.842170943040401e-14,4
2,47.461546,1.0,50.10835907462894,1,1,0.0,5
2,88.132645,1.0,34.63320718777333,1,0,0.0,4
2,172.674442,1.0,424.0912541369981,1,1,-5.684341886080802e-14,5
2,81.566652,1.0,47.009589399775635,1,0,-8.881784197001252e-14,4
2,79.231244,1.0,37.109212163407115,1,0,0.0,4
2,37.524082,1.0,39.42389023742052,1,1,-7.105427357601002e-15,5
2,16.012495,1.0,244.98189051783115,1,1,-5.684341886080802e-14,6
2,48.013077,1.0,79.63772720502443,1,0,0.0,4
2,50.488234,1.0,68.65207669693629,1,0,-2.1316282072803006e-14,4
2,88.161357,1.0,47.45479167409181,1,0,-9.947598300641403e-14,4
2,53.228141,1.0,40.07755142048703,1,0,-4.618527782440651e-14,4
2,63.319563,1.0,49.226024338779695,1,0,0.0,4
2,89.76332,1.0,44.48286537033245,1,0,0.0,4
2,105.336914,1.0,21.917053547769495,1,0,-2.3092638912203256e-14,4
2,50.162802,1.0,71.91201049569038,1,0,0.0,4
2,47.138262,1.0,78.42313645759795,1,0,-7.105427357601002e-15,4
2,83.601783,1.0,49.56017803456079,1,0,-6.394884621840902e-14,4
2,117.370373,1.0,63.27188090696045,0,1,-0.5532475980018887,6
2,21.728059,1.0,153.34732747382648,1,0,0.0,4
2,6.076018,1.0,382.4233930260398,1,1,0.0,6
2,110.268283,1.0,63.666077540932804,1,0,0.0,4
2,100.224308,1.0,57.79137594146091,1,0,0.0,4
2,78.911313,1.0,63.049888635188964,1,0,-8.526512829121202e-14,4
2,104.669953,1.0,48.03178635500372,1,0,-5.684341886080802e-14,4
2,167.836812,1.0,289.8213443743283,1,0,0.0,4
2,60.806442,1.0,54.92403992170558,1,0,-3.552713678800501e-14,4
2,52.638294,1.0,75.29993149456742,1,1,-5.684341886080802e-14,6
2,47.848081,1.0,98.38571158969827,1,0,-2.1316282072803006e-14,4
2,175.028424,1.0,364.4646383725547,1,0,-5.684341886080802e-14,4
2,48.690051,1.0,104.81469661102913,1,0,-3.552713678800501e-14,4
2,115.671309,1.0,50.285410317072184,1,0,0.0,4
2,5.065017,1.0,135.2920953733372,0,1,-0.11592979836436257,4
2,88.745312,1.0,42.65244728489228,1,0,0.0,4
2,1.674237,1.0,593.126623920837,1,1,-1.1368683772161603e-13,5
2,140.821592,1.0,94.7763508555526,1,0,-2.1316282072803006e-14,4
2,48.99704,1.0,89.82258538756703,1,0,-2.1316282072803006e-14,4
2,128.877382,1.0,63.63937440222056,1,0,0.0,4
2,88.029079,1.0,11.58143265868269,1,0,-2.398081733190338e-14,4
2,102.144005,1.0,32.252634891442526,1,0,-5.684341886080802e-14,4
2,146.909841,1.0,91.0793695597462,1,0,-3.552713678800501e-14,4
2,112.307272,1.0,48.38225509840481,1,0,-3.552713678800501e-15,4
2,134.667271,1.0,53.42838940977453,1,0,-8.526512829121202e-14,4
2,117.762577,1.0,59.326028473659974,1,0,-5.3290705182007514e-14,4
2,166.6197,1.0,164.80314197771997,1,0,-7.105427357601002e-14,4
2,33.827474,1.0,90.26641925867119,1,0,0.0,4
2,143.319484,1.0,70.71671411525863,1,0,-4.973799150320701e-14,4
2,28.507812,1.0,104.54997469200295,1,0,-1.4210854715202004e-14,4
2,42.679387,1.0,68.08374227235905,1,0,-2.842170943040401e-14,4
2,154.889202,1.0,127.72264623136684,1,0,0.0,4
2,96.795919,1.0,44.46381810206617,1,0,0.0,4
2,150.480712,1.0,79.03902696408747,1,0,0.0,4
2,62.885695,1.0,63.7427679209748,1,0,0.0,4
2,133.98913,1.0,93.13356188594027,1,0,0.0,4
2,79.538264,1.0,41.611126711390554,1,0,-1.0658141036401503e-14,4
2,126.934282,1.0,78.07706067338118,1,0,0.0,4
2,169.011317,1.0,230.61014881402176,1,0,-2.842170943040401e-14,4
2,96.385555,1.0,52.037537893603776,1,0,-3.552713678800501e-14,4
2,81.998459,1.0,52.56298634749477,1,0,-3.552713678800501e-14,4
2,111.099462,1.0,29.687557305057105,1,0,-4.973799150320701e-14,4
2,4.502905,1.0,356.2161169307256,0,1,-0.49126508537125346,5
2,127.01001,1.0,97.2727098635359,1,0,0.0,4
2,13.905166,1.0,250.56697379772473,1,0,-1.1368683772161603e-13,4
2,87.594169,1.0,38.1900328911427,1,0,0.0,4
2,135.031981,1.0,91.06456622298664,1,0,-5.684341886080802e-14,4
2,165.366392,1.0,144.0339799223422,1,1,-4.263256414560601e-14,6
2,45.622433,1.0,101.06216976489063,1,0,0.0,4
2,55.393333,1.0,67.30715779564166,1,0,-9.947598300641403e-14,4
2,94.101457,1.0,50.465678095500294,1,0,-7.460698725481052e-14,4
2,142.054339,1.0,85.33671640827899,1,0,0.0,4
2,99.095192,1.0,62.8363138496876,1,0,-1.0658141036401503e-13,4
2,148.054351,1.0,114.64740733699509,1,1,-2.842170943040401e-14,6
2,167.693488,1.0,284.3412603270703,1,0,-8.526512829121202e-14,4
2,66.619459,1.0,67.42861683996396,1,0,-2.842170943040401e-14,4
2,27.557926,1.0,56.45050416387481,1,0,-9.947598300641403e-14,4
2,92.246988,1.0,47.88959757882261,1,0,-2.842170943040401e-14,4
2,152.922736,1.0,104.84103060438274,1,0,0.0,4
2,83.913188,1.0,41.87105398157441,1,0,-4.973799150320701e-14,4
2,28.129339,1.0,104.99277159771334,1,0,-8.526512829121202e-14,4
2,60.547338,1.0,39.84356880851129,1,0,-1.1013412404281553e-13,4
2,167.421894,1.0,153.06124080507726,1,0,-2.842170943040401e-14,4
2,37.377551,1.0,115.16698568979706,1,0,0.0,4
2,138.632078,1.0,100.75385171098269,1,0,-1.4210854715202004e-14,4
2,85.131678,1.0,28.651534531836788,1,0,-1.7763568394002505e-15,4
2,89.784863,1.0,49.6679939917603,1,0,-3.907985046680551e-14,4
2,130.392055,1.0,64.45649121243818,0,1,-0.5673380347829635,6
2,82.355725,1.0,33.66986094578405,1,0,-2.842170943040401e-14,4
2,134.639095,1.0,44.940094995017155,1,0,-1.1368683772161603e-13,4
2,52.669277,1.0,67.09152197169237,1,0,0.0,4
2,65.135138,1.0,70.97538797019857,1,0,-1.1368683772161603e-13,4
2,56.839199,1.0,55.19092309539053,1,0,-7.105427357601002e-15,4
2,133.166442,1.0,55.87735955031628,1,0,0.0,4
2,162.904099,1.0,127.26287031300797,1,0,-4.973799150320701e-14,4
2,8.433965,1.0,276.15320259104965,1,0,0.0,4
2,99.742193,1.0,32.96434661976459,1,0,0.0,4
2,69.890886,1.0,45.878168203694635,1,0,-2.4868995751603507e-14,4
2,48.332934,1.0,67.46502956453794,1,0,-2.1316282072803006e-14,4
2,79.133315,1.0,54.86467954681207,1,0,-1.0658141036401503e-14,4
2,109.67778,1.0,33.74266271969939,1,0,-7.105427357601002e-15,4
2,146.570935,1.0,105.66200825013368,1,0,-3.552713678800501e-14,4
2,11.514842,1.0,226.36371008471644,1,1,-1.4210854715202004e-14,5
2,0.630698,1.0,254.6234861093356,0,1,-0.039436934383800804,4
2,147.855377,1.0,143.8760973235211,1,0,0.0,4
2,89.095426,1.0,31.274885093464107,1,0,0.0,4
2,91.101907,1.0,38.77456707939051,0,0,-0.18718692388285518,4
2,44.482584,1.0,76.07156409703401,1,0,0.0,4
2,77.725007,1.0,46.12383037955139,1,0,-1.1368683772161603e-13,4
2,128.719111,1.0,65.6801846628863,1,0,-3.552713678800501e-14,4
2,80.017512,1.0,31.14696036187789,1,0,-1.2079226507921703e-13,4
2,18.355838,1.0,194.93646899019961,1,0,-4.263256414560601e-14,4
2,67.073242,1.0,44.14562159605539,1,0,-4.973799150320701e-14,4
2,139.627065,1.0,72.30212065286075,1,0,0.0,4
2,78.512502,1.0,40.26859528685716,1,0,-7.815970093361102e-14,4
2,97.425246,1.0,54.57874936469732,1,0,-5.684341886080802e-14,4
2,12.925128,1.0,297.0023671219161,1,0,-5.684341886080802e-14,4
2,19.861606,1.0,130.74943004463975,1,1,-5.684341886080802e-14,6
2,63.401257,1.0,48.21174593263984,1,0,0.0,4
2,32.097327,1.0,86.99760387647818,1,1,0.0,6
2,62.317678,1.0,43.75913496626722,0,1,-0.4437812860124595,5
2,20.645791,1.0,113.48047497179158,1,0,-4.263256414560601e-14,4
2,127.334336,1.0,72.60240639440354,1,0,-3.552713678800501e-14,4
2,5.721642,1.0,238.7936849516037,0,1,-0.3870911841081437,5
2,69.017207,1.0,59.810426038420985,1,0,0.0,4
2,16.024233,1.0,243.39953050288437,1,1,0.0,5
2,165.059601,1.0,174.278992587622,1,0,0.0,4
2,20.622092,1.0,70.40242030263435,1,0,-4.263256414560601e-14,4
2,39.320068,1.0,62.250972905630086,1,0,0.0,4
2,23.08371,1.0,133.630307827552,1,1,-8.526512829121202e-14,5
2,179.278309,1.0,951.0524608699728,0,1,-0.0014615043797334692,5
2,55.771178,1.0,42.29639028711703,1,0,0.0,4
2,34.24908,1.0,70.13104250614685,1,0,0.0,4
2,12.531986,1.0,154.46461712558894,1,1,-5.684341886080802e-14,6
2,52.432087,1.0,26.11983472913703,1,0,0.0,4
2,29.300534,1.0,103.77013966642824,1,0,0.0,4
2,176.582756,1.0,452.4567295844853,1,1,-2.842170943040401e-14,4
2,99.89094,1.0,45.20134783135401,1,0,-4.263256414560601e-14,4
2,34.211327,1.0,85.80798075345683,1,0,-6.394884621840902e-14,4
2,147.974516,1.0,75.19447771265831,1,0,-9.947598300641403e-14,4
2,29.503489,1.0,105.17338660348702,1,0,0.0,4
2,167.722771,1.0,230.09113343442655,1,0,0.0,4
2,51.919002,1.0,44.40639550830472,1,0,-3.197442310920451e-14,4
2,101.11642,1.0,43.94486500218557,1,0,-5.3290705182007514e-14,4
2,88.782594,1.0,47.4733034300133,1,0,0.0,4
2,75.917655,1.0,27.68940016843119,1,0,-2.842170943040401e-14,4
2,134.8404,1.0,68.05083009562796,1,0,-2.842170943040401e-14,4
2,103.5144,1.0,49.718451951971666,1,0,0.0,4
2,62.221907,1.0,24.42285610036498,1,0,0.0,4
2,113.97265,1.0,32.99525883097462,1,0,0.0,4
2,144.445135,1.0,102.67698282881746,1,0,-4.973799150320701e-14,4
2,63.852604,1.0,40.87430350857261,1,0,-1.0658141036401503e-14,4
2,122.360593,1.0,55.66940501411956,1,0,-5.3290705182007514e-14,4
2,12.089013,1.0,32.104332629491644,0,1,-0.007433664024933506,3
2,3.446723,1.0,263.3497961814697,0,1,-0.30735659701545615,4
2,102.737667,1.0,37.326492674689774,1,0,-1.0658141036401503e-14,4
2,165.043633,1.0,180.61207592922375,1,0,0.0,4
2,97.524774,1.0,41.88184089887526,1,0,-3.552713678800501e-15,4
2,49.157204,1.0,44.085530925968776,1,0,0.0,4
2,140.679875,1.0,25.84161317361822,1,0,-3.552713678800501e-15,4
2,68.127225,1.0,59.94021180598383,1,0,-2.1316282072803006e-14,4
2,119.191266,1.0,81.10409154649047,1,0,0.0,4
2,7.123269,1.0,414.6219972852552,1,0,-2.842170943040401e-14,4
2,47.838058,1.0,81.03810114961692,1,1,-9.237055564881302e-14,6
2,130.192857,1.0,67.48028113697494,1,0,-4.973799150320701e-14,4
2,23.649205,1.0,98.56428910290292,1,1,-2.1316282072803006e-14,7
2,160.311001,1.0,75.08536427358976,1,0,-5.684341886080802e-14,4
2,62.229656,1.0,49.3118501200293,1,0,0.0,4
2,163.956874,1.0,172.39576982725393,1,0,-5.684341886080802e-14,4
2,74.818578,1.0,46.50455763836396,1,0,-1.2079226507921703e-13,4
2,5.601639,1.0,400.7522880116327,1,1,-2.842170943040401e-14,6
2,83.102463,1.0,62.970880340557905,1,0,0.0,4
2,120.568714,1.0,79.60532234022983,1,0,0.0,4
2,23.545665,1.0,153.0361617743801,1,0,0.0,4
2,23.041591,1.0,127.14726591936727,1,1,-7.105427357601002e-14,6
2,87.240293,1.0,51.92687263651552,1,0,-5.684341886080802e-14,4
2,115.697846,1.0,46.854274888245875,1,0,0.0,4
2,159.441496,1.0,142.27673272963932,1,0,0.0,4
2,35.444581,1.0,58.173316340426595,0,1,-0.37852153636533714,5
2,155.441467,1.0,141.81637106746794,1,0,-2.842170943040401e-14,4
2,25.430786,1.0,166.34619683973347,1,0,-2.842170943040401e-14,4
2,173.700869,1.0,232.19076571117458,1,1,0.0,5
2,77.631572,1.0,61.61375597604405,1,0,0.0,4
2,168.872423,1.0,253.34187776353104,1,0,0.0,4
2,156.726994,1.0,187.48897548793704,1,0,0.0,4
2,20.248688,1.0,110.75107537890787,1,1,-9.237055564881302e-14,5
2,0.233939,1.0,715.0136566687205,0,1,-0.4200139068284443,4
2,50.767575,1.0,68.02486855575839,1,1,-1.2079226507921703e-13,6
2,94.074708,1.0,58.760962747892194,1,0,0.0,4
2,24.217218,1.0,87.57508498143295,1,0,-2.842170943040401e-14,4
2,46.244484,1.0,98.93808561504258,1,0,0.0,4
2,77.861368,1.0,42.456190115334145,1,0,-8.881784197001252e-14,4
2,125.923547,1.0,68.81931078655691,1,0,0.0,4
2,121.946062,1.0,62.52227218081482,1,0,0.0,4
2,60.179044,1.0,43.972917546054795,1,0,0.0,4
2,119.677166,1.0,73.55740391480367,1,1,0.0,6
2,39.436863,1.0,97.3765812580707,1,0,0.0,4
2,21.950422,1.0,202.269246802927,1,0,0.0,4
2,124.329173,1.0,31.548204402749132,0,1,-0.1392552226763435,4
2,58.664229,1.0,67.31539702459342,1,0,0.0,4
2,67.456649,1.0,43.96615117559017,1,0,0.0,4
2,45.793018,1.0,84.69297344456288,1,0,0.0,4
2,114.080433,1.0,55.18869516918276,1,0,-1.0658141036401503e-14,4
2,174.120844,1.0,399.50258101263256,1,1,-2.842170943040401e-14,6
2,91.506417,1.0,37.150741374840884,0,0,-0.13665141728013808,4
2,135.558058,1.0,59.7244706194186,1,0,0.0,4
2,140.77868,1.0,70.54234894962157,1,0,0.0,4
2,84.914114,1.0,55.246060489786615,1,0,-1.1368683772161603e-13,4
2,17.717636,1.0,150.38248616148715,1,1,-1.4210854715202004e-14,6
2,5.01815,1.0,487.51067758784836,1,1,0.0,6
2,165.770884,1.0,162.47604719270709,1,0,0.0,4
2,139.479789,1.0,76.78082433206596,1,0,-2.1316282072803006e-14,4
2,114.967704,1.0,65.36050071814363,1,0,-4.263256414560601e-14,4
2,93.454807,1.0,32.312604669021134,1,0,-6.039613253960852e-14,4
2,110.022662,1.0,44.4661974837676,1,0,0.0,4
2,37.55629,1.0,126.04339475250939,1,0,0.0,4
2,55.940433,1.0,69.69412811526809,1,0,0.0,4
2,108.197973,1.0,29.587053159049923,1,0,-3.197442310920451e-14,4
2,43.583883,1.0,77.18593859649793,1,0,0.0,4
2,162.062729,1.0,196.10650964060008,1,1,0.0,6
2,136.710819,1.0,111.45705387809997,1,0,-4.973799150320701e-14,4
2,121.565555,1.0,69.40810037199302,1,0,-3.552713678800501e-14,4
2,86.071533,1.0,40.181595505729035,1,0,0.0,4
2,156.424412,1.0,123.97181086092732,1,0,-7.105427357601002e-15,4
2,128.685343,1.0,56.599598500311075,1,0,-7.105427357601002e-14,4
2,124.854853,1.0,59.62648852400265,1,0,0.0,4
2,82.574721,1.0,42.530457208597504,1,0,-2.1316282072803006e-14,4
2,97.143345,1.0,58.32332778455839,1,0,-5.3290705182007514e-14,4
2,2.936881,1.0,720.9320340532937,1,1,0.0,6
2,37.802587,1.0,59.46768784190529,1,1,-7.460698725481052e-14,5
2,31.597606,1.0,62.0297483901157,1,0,-3.197442310920451e-14,4
2,13.954196,1.0,96.93480021701116,1,0,-5.684341886080802e-14,4
2,68.52364,1.0,57.052303145822194,1,0,0.0,4
2,126.765319,1.0,28.59997211986345,1,0,0.0,4
2,90.122296,1.0,40.71171365903457,0,0,-0.6761046074387735,4
2,9.327953,1.0,202.00580924399725,1,1,-5.684341886080802e-14,6
2,36.115024,1.0,73.31937883253958,1,1,-7.815970093361102e-14,5
2,65.585107,1.0,21.31982571294676,1,0,-1.4210854715202004e-14,4
2,93.506096,1.0,58.35569837545034,1,0,-6.750155989720952e-14,4
2,96.992415,1.0,58.956144327592064,1,0,0.0,4
2,105.876807,1.0,44.7030022785256,1,0,-5.684341886080802e-14,4
2,127.19147,1.0,74.96659829014776,1,0,0.0,4
2,115.640599,1.0,27.12584027137039,0,1,-0.0933279033509411,4
2,50.479661,1.0,65.82416821150684,1,0,0.0,4
2,53.826269,1.0,51.601756454150895,1,0,0.0,4
2,45.75055,1.0,96.94195361112044,1,0,-2.842170943040401e-14,4
2,11.894734,1.0,251.08330902459707,1,1,-2.842170943040401e-14,6
2,57.656266,1.0,84.4765050589729,1,0,-5.684341886080802e-14,4
2,11.619265,1.0,227.93823413686562,1,1,-4.263256414560601e-14,5
2,21.603215,1.0,181.70292140018208,1,0,-5.684341886080802e-14,4
2,43.750175,1.0,70.98762777629464,1,0,-4.263256414560601e-14,4
2,50.165826,1.0,69.89591124151171,1,0,-9.947598300641403e-14,4
2,51.090206,1.0,81.28502344611879,1,0,-8.526512829121202e-14,4
2,29.155489,1.0,66.76847962583572,1,1,-4.973799150320701e-14,6
2,16.563247,1.0,255.47818592294766,1,0,0.0,4
2,35.616733,1.0,74.03839105429151,1,0,0.0,4
2,136.384999,1.0,60.4356941762624,1,0,0.0,4
2,11.304339,1.0,131.33149081212443,1,1,-2.842170943040401e-14,4
2,171.069775,1.0,254.65607811085408,1,0,0.0,4
2,32.146586,1.0,85.29095766606183,0,1,-3.8953091385772183,7
2,104.782688,1.0,32.97563102611566,1,0,0.0,4
2,108.228328,1.0,48.9306010704761,1,0,0.0,4
2,135.269439,1.0,33.86889117229121,1,0,-9.592326932761353e-14,4
2,21.945095,1.0,63.79312580379961,1,0,0.0,4
2,156.041261,1.0,84.13049725451458,1,0,-3.552713678800501e-14,4
2,8.825779,1.0,312.6550524622267,1,0,-5.684341886080802e-14,4
2,73.723666,1.0,61.98652536587953,1,0,-5.684341886080802e-14,4
2,49.957511,1.0,83.13382487672446,1,0,0.0,4
2,125.912331,1.0,27.414817473394063,1,1,-2.842170943040401e-14,4
2,114.049104,1.0,55.21150018650522,1,0,0.0,4
2,54.825597,1.0,70.61892243689631,1,0,-1.4210854715202004e-14,4
2,29.528824,1.0,87.89291315843452,1,1,-7.105427357601002e-14,5
2,14.146411,1.0,257.0505648663286,1,0,0.0,4
2,2.594459,1.0,814.2967717536957,1,1,0.0,6
2,39.054566,1.0,103.02671319728923,1,0,0.0,4
2,101.156003,1.0,47.513153302424506,1,0,-1.0658141036401503e-13,4
2,165.247657,1.0,313.19071583562317,1,0,-5.684341886080802e-14,4
2,76.55892,1.0,20.11285231481143,0,1,-2.2118306882610916,4
2,122.584181,1.0,86.59225729433416,1,0,0.0,4
2,29.412418,1.0,81.39567940872554,1,0,0.0,4
2,95.300409,1.0,48.80892520066763,1,0,-2.4868995751603507e-14,4
2,28.635133,1.0,60.78945139820217,1,1,-1.4210854715202004e-14,5
2,29.580147,1.0,149.03258818267636,1,0,-2.842170943040401e-14,4
2,0.051643,1.0,625.4707465776764,0,1,-0.2402235651650244,4
2,147.233534,1.0,76.7732020068918,1,0,0.0,4
2,19.998558,1.0,129.04191696234517,1,1,-1.4210854715202004e-14,6
2,96.705993,1.0,31.41126140031789,1,0,0.0,4
2,38.007251,1.0,91.02518423971684,1,1,-4.263256414560601e-14,6
2,115.205846,1.0,77.48583229105702,1,0,0.0,4
2,15.48273,1.0,164.66147954694466,1,1,0.0,6
2,74.520774,1.0,22.165133370400685,1,0,0.0,4
2,53.817389,1.0,51.387370219687,1,0,-8.171241461241152e-14,4
2,15.083149,1.0,189.74822562399387,1,0,0.0,4
2,35.524246,1.0,74.66601077452042,0,1,-0.6025610075424623,6
2,3.195626,1.0,683.4326067569027,1,1,0.0,6
2,98.929823,1.0,64.85679716288445,1,0,-6.394884621840902e-14,4
2,138.019399,1.0,80.64513240817674,1,0,-6.394884621840902e-14,4
2,106.309696,1.0,26.858226837252595,1,0,-4.085620730620576e-14,4
2,10.106925,1.0,348.13391772932215,1,0,0.0,4
2,99.556833,1.0,35.38558312838969,1,0,-2.842170943040401e-14,4
2,83.356361,1.0,43.645048908397406,1,0,0.0,4
2,98.061214,1.0,32.040351570687555,1,0,0.0,4
2,108.194152,1.0,47.66463716510369,1,0,0.0,4
2,5.351446,1.0,274.58638125067574,1,1,0.0,6
2,87.390204,1.0,30.431321565062323,0,1,-0.14177346005622482,5
2,71.511723,1.0,33.507201579660396,1,0,-4.618527782440651e-14,4
2,17.664825,1.0,131.62800938541852,1,0,-7.105427357601002e-14,4
2,39.042174,1.0,58.91975700104263,0,1,-0.4061962862532056,5
2,14.799596,1.0,124.3735182641098,1,1,-9.947598300641403e-14,5
2,165.732036,1.0,103.00479383797487,1,0,0.0,4
2,73.312477,1.0,62.656232585426444,1,1,0.0,5
2,1.229374,1.0,524.1248720172513,0,1,-0.23497092572551992,5
2,128.818756,1.0,84.26509708751311,1,0,-4.973799150320701e-14,4
2,27.605426,1.0,82.1774447840122,1,0,0.0,4
2,26.712029,1.0,142.1824458521312,1,0,0.0,4
2,78.285752,1.0,27.87173589413162,1,0,0.0,4
2,124.586227,1.0,63.46009177333264,1,0,0.0,4
2,22.755575,1.0,109.16381510033575,1,0,-2.1316282072803006e-14,4
2,54.796997,1.0,53.92218386471359,1,0,0.0,4
2,109.105286,1.0,45.17639038115781,1,0,0.0,4
2,8.212925,1.0,120.0397914561746,1,1,-3.552713678800501e-14,5
2,58.747565,1.0,77.42072797759462,1,0,-9.947598300641403e-14,4
2,151.360879,1.0,133.58933993498815,1,0,-5.684341886080802e-14,4
2,4.365827,1.0,393.2540206738793,1,1,-2.842170943040401e-14,5
2,32.674139,1.0,90.45334192043497,1,0,-9.947598300641403e-14,4
2,135.392447,1.0,81.66242755820025,1,0,-7.105427357601002e-15,4
2,165.906376,1.0,137.44011764025373,1,0,0.0,4
2,170.959951,1.0,76.45472617932195,0,1,-0.046290782501834826,4
2,71.993189,1.0,41.036092727445805,1,0,-3.552713678800501e-14,4
2,101.457756,1.0,49.237180411476565,1,0,0.0,4
2,177.76296,1.0,389.7754225312024,0,1,-0.09729708568974615,3
2,39.579739,1.0,52.099423189903455,1,0,0.0,4
2,107.88354,1.0,43.69196668032666,1,0,0.0,4
2,101.112769,1.0,46.19023317783986,1,0,0.0,4
2,51.897284,1.0,92.66911631285502,1,0,-1.4210854715202004e-14,4
2,110.405197,1.0,40.911118099470706,1,1,0.0,6
2,67.594863,1.0,59.84678843935967,1,0,0.0,4
2,41.645291,1.0,70.17138048377744,1,0,-2.1316282072803006e-14,4
2,63.373522,1.0,61.97447291250927,1,0,-1.0658141036401503e-14,4
2,54.124721,1.0,32.803774309833216,1,0,0.0,4
2,150.246004,1.0,56.20346243705618,1,0,-2.4868995751603507e-14,4
2,76.317509,1.0,56.63369666898357,1,0,-1.1368683772161603e-13,4
2,80.237957,1.0,34.741110297839846,1,0,0.0,4
2,108.603251,1.0,61.043942727906725,0,1,-0.48778188934252853,6
2,50.199183,1.0,55.533460289322115,1,0,0.0,4
2,132.296081,1.0,60.37110865505245,1,0,0.0,4
2,55.832221,1.0,33.487783724348,1,0,0.0,4
2,5.13015,1.0,399.25380165624875,1,1,0.0,6
2,164.818151,1.0,155.63736034521938,1,1,0.0,5
2,78.855159,1.0,23.781104946350354,1,0,-1.1368683772161603e-13,4
2,46.73644,1.0,86.09392561051887,1,0,0.0,4
2,178.386541,1.0,586.9491316199574,0,1,-0.5374295267581033,5
2,14.14028,1.0,118.03131553741808,1,1,-1.4210854715202004e-14,5
2,121.798693,1.0,63.847701385054165,1,0,-3.197442310920451e-14,4
2,5.371433,1.0,220.34918440967996,0,1,-0.3704250451391573,4
2,34.696045,1.0,115.79507246312623,1,0,-7.105427357601002e-15,4
2,145.418241,1.0,33.231209845481416,1,0,0.0,4
2,126.733918,1.0,74.96815484461467,1,0,0.0,4
2,106.727339,1.0,28.579657425199322,1,0,-8.526512829121202e-14,4
2,68.803677,1.0,66.24130536568049,1,0,-7.815970093361102e-14,4
2,102.063,1.0,24.509985901398498,1,0,0.0,4
2,28.280757,1.0,94.80387614590148,1,0,0.0,4
2,49.984002,1.0,46.33789610014288,1,0,0.0,4
2,120.624039,1.0,70.26270883775675,1,0,0.0,4
2,68.309444,1.0,45.90113798524852,1,0,0.0,4
2,137.81417,1.0,51.78393616133899,1,0,-1.4210854715202004e-14,4
2,47.502538,1.0,75.36340469378369,1,0,-5.684341886080802e-14,4
2,139.233523,1.0,70.56738461167838,1,0,-7.105427357601002e-15,4
2,92.196618,1.0,37.06981761476715,1,0,-5.684341886080802e-14,4
2,71.797044,1.0,48.731684042646236,1,0,-1.1368683772161603e-13,4
2,34.689387,1.0,103.81937467746658,1,0,0.0,4
2,56.556649,1.0,55.52214530696886,1,0,-7.815970093361102e-14,4
2,36.268481,1.0,82.56144638673648,1,0,-4.973799150320701e-14,4
2,70.194399,1.0,53.231030005778585,1,0,-2.4868995751603507e-14,4
2,158.919296,1.0,163.951579864138,1,0,-1.4210854715202004e-14,4
2,13.050947,1.0,258.99593561932966,1,1,-1.1368683772161603e-13,6
2,92.762069,1.0,39.75887138832922,1,1,0.0,5
2,31.387385,1.0,108.27182833836564,1,0,0.0,4
2,108.398472,1.0,53.20637333297919,1,0,0.0,4
2,104.454603,1.0,50.88432924610043,1,0,0.0,4
2,77.863142,1.0,59.40163897670176,0,1,-3.1696646752396163,6
2,3.942222,1.0,678.8512645996967,1,1,0.0,5
2,112.913022,1.0,64.02523161846185,1,0,-5.684341886080802e-14,4
2,30.470836,1.0,158.17378043357454,1,0,0.0,4
2,51.259146,1.0,96.30460189388931,1,0,0.0,4
2,159.704914,1.0,127.7140560643689,1,1,0.0,6
2,20.338532,1.0,172.42369197597006,1,0,0.0,4
2,149.623254,1.0,119.37402944937777,1,0,0.0,4
2,57.948704,1.0,53.15340081860593,1,0,0.0,4
2,154.880873,1.0,108.85046986484936,1,0,0.0,4
2,102.412476,1.0,33.20605756357099,1,0,-7.105427357601002e-15,4
2,124.13551,1.0,86.05028257320647,1,0,-1.4210854715202004e-14,4
2,18.096774,1.0,170.19118999223198,1,0,-5.684341886080802e-14,4
2,137.366812,1.0,81.6517341965477,1,0,-1.4210854715202004e-14,4
2,83.459872,1.0,39.17528054989793,0,1,-1.5335130371689942,5
2,62.212726,1.0,20.224834527098754,0,1,-5.934947576691661,4
2,92.187124,1.0,26.916455709519735,1,0,0.0,4
2,39.676336,1.0,56.18965618604377,1,1,-7.815970093361102e-14,5
2,3.899221,1.0,459.94569880543645,1,1,0.0,3
2,25.85341,1.0,52.59008546151352,1,0,-9.237055564881302e-14,4
2,133.091163,1.0,62.88407269587921,1,0,-1.1723955140041653e-13,4
2,156.613834,1.0,105.14785584224761,1,0,-5.684341886080802e-14,4
2,93.534095,1.0,50.25858142715658,1,0,-4.618527782440651e-14,4
2,168.14439,1.0,123.51560041025319,1,1,-4.263256414560601e-14,6
2,73.923713,1.0,49.99687940490905,1,0,-1.0658141036401503e-14,4
2,169.195593,1.0,233.43508228815006,1,0,0.0,4
2,34.971123,1.0,78.5607654022806,1,0,-5.684341886080802e-14,4
2,34.952378,1.0,108.59661404438147,1,0,-5.684341886080802e-14,4
2,115.378004,1.0,39.13288612111885,1,0,-2.842170943040401e-14,4
2,155.919751,1.0,141.59877848290986,1,0,0.0,4
2,36.862849,1.0,87.76895995243702,1,0,-4.973799150320701e-14,4
2,46.850903,1.0,52.72941891406644,1,0,0.0,4
2,145.307934,1.0,36.43572298445209,1,0,0.0,4
2,95.225262,1.0,35.496706885745084,1,0,-2.1316282072803006e-14,4
2,6.791904,1.0,273.3563503588601,1,1,-8.526512829121202e-14,7
2,46.96886,1.0,82.64725624295858,0,1,-0.7050504789620149,6
2,114.053103,1.0,62.00286585272901,1,0,0.0,4
2,179.528076,1.0,851.4503829858138,1,1,0.0,6
2,30.103748,1.0,132.81180743804478,1,0,-9.947598300641403e-14,4
2,66.901148,1.0,72.22851645178869,1,0,-4.973799150320701e-14,4
2,3.583502,1.0,587.3352149648803,1,1,-5.684341886080802e-14,5
2,95.155557,1.0,34.705805680939086,1,0,-2.4868995751603507e-14,4
2,120.120134,1.0,32.40784226437246,1,0,-4.618527782440651e-14,4
2,154.478883,1.0,126.20752816764714,1,1,-2.1316282072803006e-14,5
2,156.166619,1.0,107.79028957243085,1,0,-6.394884621840902e-14,4
2,121.802303,1.0,69.86750266862661,1,1,-2.1316282072803006e-14,7
2,15.306243,1.0,135.62387291275024,1,0,-5.684341886080802e-14,4
2,45.232032,1.0,79.60713584506414,1,0,0.0,4
2,38.005587,1.0,77.0754239149274,1,0,-2.842170943040401e-14,4
2,45.628268,1.0,71.44590827607718,1,0,-9.947598300641403e-14,4
2,67.943031,1.0,31.756334717237824,1,0,0.0,4
2,94.651741,1.0,35.78471889518015,1,0,0.0,4
2,80.966506,1.0,47.98083363149043,1,0,-2.842170943040401e-14,4
2,77.8401,1.0,37.25595645554613,1,0,0.0,4
2,99.641813,1.0,34.29655404702638,1,0,0.0,4
2,126.760083,1.0,33.595731366658775,1,0,-4.618527782440651e-14,4
2,82.086815,1.0,32.4977519022229,1,0,0.0,4
2,93.156731,1.0,41.257352917999455,1,0,0.0,4
2,82.797122,1.0,27.926908297798505,1,0,0.0,4
2,43.763329,1.0,75.95858201626561,1,0,-9.947598300641403e-14,4
2,18.994858,1.0,167.86626670291878,1,0,0.0,4
2,156.119395,1.0,94.15284926953161,1,0,0.0,4
2,66.58125,1.0,49.19899970429068,1,0,-8.881784197001252e-14,4
2,44.828511,1.0,42.43520212525759,1,0,0.0,4
2,66.032886,1.0,44.95621661581182,1,0,0.0,4
2,142.141699,1.0,80.59451293846455,1,0,0.0,4
2,116.995918,1.0,46.41288203644409,0,1,-0.4044817578688331,6
2,147.365636,1.0,114.2312792638425,1,0,0.0,4
2,69.408472,1.0,44.02652112791618,1,0,0.0,4
2,62.810317,1.0,51.7285284664054,1,0,-7.815970093361102e-14,4
2,110.843518,1.0,71.67862116564167,1,0,0.0,4
2,19.039528,1.0,162.73586114344718,1,1,0.0,6
2,117.954503,1.0,44.24532123239054,1,0,0.0,4
2,114.621909,1.0,55.63499497236795,1,0,-9.237055564881302e-14,4
2,116.447215,1.0,65.2989878635596,1,0,-1.4210854715202004e-14,4
2,73.50548,1.0,51.36763701299316,1,1,-1.0658141036401503e-13,6
2,64.348655,1.0,58.808306614064854,1,0,0.0,4
2,13.006813,1.0,236.95259350410774,1,1,-1.4210854715202004e-14,6
2,153.373873,1.0,120.97061845913842,1,0,-7.105427357601002e-15,4
2,11.626241,1.0,382.14802156278637,1,0,-5.684341886080802e-14,4
2,77.484028,1.0,46.65273054462026,1,0,0.0,4
2,3.990633,1.0,429.3030446481833,0,1,-0.26324159896199717,6
2,34.70901,1.0,88.64788685521931,1,0,0.0,4
2,100.318434,1.0,38.17756014696356,1,0,-9.592326932761353e-14,4
2,35.16834,1.0,85.37003106352097,1,0,0.0,4
2,85.180179,1.0,42.31779771220837,1,0,0.0,4
2,4.895101,1.0,556.4347404897252,1,1,0.0,5
2,152.342222,1.0,102.55905473053014,1,0,-5.684341886080802e-14,4
2,172.137533,1.0,310.987260517074,1,1,0.0,4
2,122.225662,1.0,35.20813980818235,1,0,0.0,4
2,128.637364,1.0,79.54281237598614,1,0,0.0,4
2,64.812401,1.0,48.910573283594296,1,0,0.0,4
2,101.164265,1.0,50.09599505976124,1,0,0.0,4
2,30.427934,1.0,87.77881213462955,1,0,0.0,4
2,114.79029,1.0,35.05892061271962,1,0,-7.815970093361102e-14,4
2,112.829302,1.0,49.92417929732815,1,0,-4.973799150320701e-14,4
2,117.901203,1.0,58.17820767214201,1,0,-2.1316282072803006e-14,4
2,5.898382,1.0,475.6629175475097,1,1,0.0,6
2,10.845823,1.0,238.45911173429275,1,1,0.0,7
2,70.030454,1.0,66.04540323723869,1,0,0.0,4
2,132.697,1.0,89.0006010329951,1,0,0.0,4
2,92.139516,1.0,34.32295805354276,1,0,-5.684341886080802e-14,4
2,65.602167,1.0,82.51023130389285,1,0,0.0,4
2,133.944607,1.0,67.68083344517457,1,0,-1.2079226507921703e-13,4
2,6.11515,1.0,619.9758562466194,1,0,0.0,4
2,74.205527,1.0,56.38463455685749,1,0,0.0,4
2,10.9756,1.0,255.22393195764198,1,0,0.0,4
2,14.853883,1.0,298.4494975763306,1,0,0.0,4
2,171.861192,1.0,305.0966783349227,1,0,0.0,4
2,18.833596,1.0,122.07695241068565,1,0,-1.2079226507921703e-13,4
2,60.18703,1.0,51.602064667913076,1,0,0.0,4
2,49.796183,1.0,84.86883106053973,1,0,0.0,4
2,9.101458,1.0,166.56838965855636,1,1,0.0,5
2,146.055907,1.0,66.116920528189,1,1,-2.842170943040401e-14,6
2,27.177449,1.0,97.63979949928486,1,0,-1.0658141036401503e-13,4
2,35.783437,1.0,58.25094387234042,1,0,-6.394884621840902e-14,4
2,73.382551,1.0,59.89580323365886,0,1,-0.5053627696567347,6
2,179.201063,1.0,1189.0022801900082,1,1,0.0,4
2,112.012943,1.0,39.914517092485674,1,0,0.0,4
2,73.382293,1.0,52.29411607253913,1,0,0.0,4
2,44.722655,1.0,72.76443242704607,1,0,-1.0658141036401503e-13,4
2,10.262024,1.0,240.88578214639347,1,1,-8.526512829121202e-14,6
2,64.633964,1.0,62.71933906384482,1,0,-2.842170943040401e-14,4
2,124.599646,1.0,46.036065852315204,1,0,-4.263256414560601e-14,4
2,17.611639,1.0,150.8202047652857,1,0,-2.842170943040401e-14,4
2,94.643194,1.0,52.83249116993765,1,0,0.0,4
2,80.947074,1.0,60.241734388841714,1,0,-1.1013412404281553e-13,4
2,72.126501,1.0,38.77992872972913,1,0,0.0,4
2,147.552452,1.0,120.8999818569573,1,0,-2.842170943040401e-14,4
2,164.266106,1.0,251.6470416230277,1,1,-2.842170943040401e-14,6
2,117.434588,1.0,43.47779357988914,0,1,-0.2943024327040469,5
2,169.638521,1.0,222.94013330224806,1,1,0.0,5
2,79.558866,1.0,16.755061119069026,1,0,-9.769962616701378e-14,4
2,141.574837,1.0,100.25492082498513,1,0,0.0,4
2,129.741206,1.0,75.21579798964076,1,0,0.0,4
2,51.719279,1.0,66.81113193870495,1,0,-1.1368683772161603e-13,4
2,112.443619,1.0,62.62145293652201,1,0,0.0,4
2,103.953679,1.0,48.49410294608258,1,0,0.0,4
2,167.214334,1.0,207.21650614719883,1,0,-7.105427357601002e-14,4
2,9.9635,1.0,170.6761287248827,1,1,-5.684341886080802e-14,5
2,28.959253,1.0,121.10147308897955,1,0,-1.1368683772161603e-13,4
2,42.784551,1.0,90.69697290566468,1,1,0.0,6
2,31.446354,1.0,48.46313229001009,1,0,-1.1368683772161603e-13,4
2,78.903016,1.0,39.16214943293611,1,0,0.0,4
2,45.402315,1.0,55.863777088518404,1,0,-1.2079226507921703e-13,4
2,100.548584,1.0,36.71836435563207,1,0,0.0,4
2,32.660076,1.0,51.00407913660569,1,0,0.0,4
2,83.524615,1.0,32.79089482188457,1,0,-5.684341886080802e-14,4
2,33.77641,1.0,72.78122707759881,1,0,-4.263256414560601e-14,4
2,125.204405,1.0,63.37626341927361,1,0,-5.684341886080802e-14,4
2,151.82725,1.0,94.3936138407011,1,0,-7.105427357601002e-15,4
2,158.971085,1.0,107.4893232862069,1,0,0.0,4
2,28.830506,1.0,145.43974449179692,1,0,0.0,4
2,23.46608,1.0,85.44217341861828,1,0,0.0,4
2,117.033182,1.0,52.30844663312668,1,0,-5.684341886080802e-14,4
2,38.224078,1.0,28.837960170274783,1,0,-2.842170943040401e-14,4
2,42.694343,1.0,75.34208140160843,1,0,-2.842170943040401e-14,4
2,75.219491,1.0,57.449085476100294,1,0,-3.907985046680551e-14,4
2,3.070774,1.0,508.5772516365093,1,1,-8.526512829121202e-14,5
2,9.498417,1.0,322.09069692992085,1,0,-2.842170943040401e-14,4
2,41.512535,1.0,100.43545471055347,1,0,-4.263256414560601e-14,4
2,87.003537,1.0,45.298750863861564,1,0,0.0,4
2,152.968173,1.0,58.33243209034391,1,0,0.0,4
2,7.367422,1.0,356.54414519683314,1,0,-2.842170943040401e-14,4
2,51.622991,1.0,51.75422367909371,1,0,-1.1013412404281553e-13,4
2,72.982558,1.0,40.87228690694363,1,0,0.0,4
2,161.68147,1.0,135.91994599665878,1,0,0.0,4
2,172.620871,1.0,401.9929624126739,1,1,0.0,6
2,56.896974,1.0,66.00352870561842,1,0,0.0,4
2,10.63942,1.0,362.32161740150985,1,0,-5.684341886080802e-14,4
2,108.720243,1.0,21.272343732392304,1,0,-5.684341886080802e-14,4
2,172.978008,1.0,215.3436799005396,1,1,-1.4210854715202004e-14,5
2,144.13984,1.0,82.895609108804,1,0,0.0,4
2,144.700557,1.0,56.885242615682586,1,0,-6.039613253960852e-14,4
2,145.826957,1.0,111.15632084359726,1,0,0.0,4
2,39.900685,1.0,105.99647026462682,1,0,0.0,4
2,24.637942,1.0,106.54770938283923,1,0,0.0,4
2,61.68802,1.0,64.04123809858459,1,0,0.0,4
2,14.427096,1.0,149.01711478387193,0,1,-0.3006709554271225,5
2,10.086085,1.0,253.93174498060338,1,0,-1.1368683772161603e-13,4
2,100.737519,1.0,41.54178501761952,1,0,-4.618527782440651e-14,4
2,120.109571,1.0,59.30095362309256,1,0,0.0,4
2,18.777011,1.0,158.04027734619592,1,0,-7.105427357601002e-14,4
2,13.837721,1.0,304.01287327053035,1,1,-2.842170943040401e-14,6
2,45.598411,1.0,63.597808017764535,1,1,-6.039613253960852e-14,5
2,129.671743,1.0,70.44764671950924,1,0,-2.842170943040401e-14,4
2,108.848367,1.0,49.952919403516944,1,0,0.0,4
2,62.760378,1.0,53.45393574148969,1,0,0.0,4
2,164.167164,1.0,197.75223222372102,1,0,-5.684341886080802e-14,4
2,67.569713,1.0,45.64075797371534,1,0,0.0,4
2,92.119416,1.0,35.99368217893943,1,0,-4.618527782440651e-14,4
2,28.971129,1.0,91.70143696820571,1,0,-7.105427357601002e-15,4
2,24.463509,1.0,95.36274331645728,1,1,0.0,5
2,125.340014,1.0,78.45030905310247,1,0,0.0,4
2,105.522601,1.0,28.098553516652462,1,0,-1.0302869668521453e-13,4
2,53.10403,1.0,59.26556731405087,1,0,-2.1316282072803006e-14,4
2,7.105807,1.0,561.9853430639782,1,0,-5.684341886080802e-14,4
2,60.070593,1.0,46.70806186692446,1,1,-9.947598300641403e-14,5
2,96.441933,1.0,39.54825263017831,1,0,0.0,4
2,113.805163,1.0,49.968007982161794,1,0,-3.552713678800501e-14,4
2,142.035869,1.0,68.86438108540156,1,0,0.0,4
2,22.01816,1.0,120.9127432331257,1,1,0.0,5
2,66.753194,1.0,55.95523068768988,1,0,0.0,4
2,95.436112,1.0,47.290950679443625,1,0,-5.3290705182007514e-14,4
2,8.426998,1.0,349.23950028046477,1,0,0.0,4
2,56.834121,1.0,67.60509845610643,1,0,-7.105427357601002e-14,4
2,125.817103,1.0,28.500716414102563,1,0,-5.329070518200751e-15,4
2,76.651491,1.0,56.47631792543718,0,1,-0.46418333263485323,6
2,22.463169,1.0,126.9412769190538,1,0,-5.684341886080802e-14,4
2,132.352434,1.0,76.16001232721739,1,0,-5.684341886080802e-14,4
2,79.758795,1.0,34.17357015563646,1,0,0.0,4
2,13.866777,1.0,181.4021865258171,1,0,-9.947598300641403e-14,4
2,160.954036,1.0,54.80827557519373,1,0,-9.237055564881302e-14,4
2,17.833463,1.0,104.63233653929913,1,1,0.0,5
2,92.312798,1.0,23.468921221194464,1,0,-2.3092638912203256e-14,4
2,51.372071,1.0,88.30449825894226,1,0,0.0,4
2,177.289914,1.0,898.2103905242226,1,1,0.0,5
2,74.75924,1.0,52.48575420626722,1,0,-1.3855583347321954e-13,4
2,162.154704,1.0,98.08939223691051,1,0,-7.815970093361102e-14,4
2,148.366547,1.0,94.33555637718922,1,0,-6.394884621840902e-14,4
2,80.398682,1.0,42.32805045055464,1,0,-3.552713678800501e-15,4
2,69.892435,1.0,58.755068847953474,1,0,0.0,4
2,142.416111,1.0,71.2866263376123,1,0,0.0,4
2,168.428368,1.0,113.60990222683303,0,1,-0.1239238863392842,5
2,87.945347,1.0,45.883191750387034,1,0,0.0,4
2,61.937856,1.0,45.818541338525975,1,1,-4.618527782440651e-14,6
2,47.641733,1.0,43.930290068018984,1,0,0.0,4
2,6.458969,1.0,584.904383144714,1,1,0.0,5
2,37.46351,1.0,97.32163652107144,1,0,0.0,4
2,21.886915,1.0,195.47117729249933,1,0,0.0,4
2,121.333562,1.0,88.34682013893267,1,0,-4.263256414560601e-14,4
2,35.91466,1.0,101.6211152662003,1,0,0.0,4
2,32.497939,1.0,66.28810843308162,1,1,0.0,5
2,72.119709,1.0,52.013401114379754,1,0,-5.684341886080802e-14,4
2,49.675731,1.0,79.44422921414798,1,0,0.0,4
2,55.436343,1.0,60.13713715972209,1,0,-3.907985046680551e-14,4
2,106.936237,1.0,61.37824905934837,1,0,-4.973799150320701e-14,4
2,61.246884,1.0,85.58564675505679,1,0,0.0,4
2,24.218311,1.0,66.44998216623509,1,0,-5.684341886080802e-14,4
2,85.355448,1.0,44.34379852669524,1,0,0.0,4
2,154.936073,1.0,117.62802709283768,1,0,0.0,4
2,49.793368,1.0,57.93202001941048,1,0,-2.842170943040401e-14,4
2,40.912217,1.0,44.47524038569871,1,0,-9.237055564881302e-14,4
2,29.46266,1.0,96.07567297534231,1,1,0.0,6
2,29.471495,1.0,102.11841685212929,1,1,-2.842170943040401e-14,5
2,61.962054,1.0,25.413301091327636,1,0,0.0,4
2,126.409024,1.0,60.680361003303545,1,0,0.0,4
2,6.687838,1.0,175.75553326526705,1,1,0.0,4
2,3.180548,1.0,328.1824163881093,1,1,-8.526512829121202e-14,4
2,29.120215,1.0,109.48948920065456,1,0,-4.263256414560601e-14,4
2,97.00201,1.0,33.944400025215835,1,0,0.0,4
2,89.504158,1.0,46.916591185538124,1,0,-3.552713678800501e-15,4
2,102.428283,1.0,40.15561552737046,1,0,-5.684341886080802e-14,4
2,161.989407,1.0,148.57653065010675,1,0,0.0,4
2,157.014921,1.0,132.73669893996902,1,0,0.0,4
2,9.543235,1.0,249.83378454654232,1,0,0.0,4
2,148.609191,1.0,90.97443495101427,1,1,-1.4210854715202004e-14,6
2,119.018837,1.0,68.63778840015607,1,0,-2.1316282072803006e-14,4
2,57.798251,1.0,77.14157246958523,1,0,0.0,4
2,109.965671,1.0,23.873327666398797,1,0,0.0,4
2,88.060999,1.0,59.29587332931081,1,0,-3.552713678800501e-15,4
2,25.086103,1.0,88.75178517642033,1,0,0.0,4
2,6.176433,1.0,150.14234518784298,1,1,0.0,4
2,0.907082,1.0,434.86313247566693,0,1,-0.17958510979730136,4
2,137.667579,1.0,55.96729973789534,1,0,-1.1368683772161603e-13,4
2,171.254287,1.0,325.3150914314358,1,0,0.0,4
2,64.796523,1.0,79.29667343361943,1,0,-1.1368683772161603e-13,4
2,48.43574,1.0,70.45474272266964,1,0,-9.237055564881302e-14,4
2,5.408596,1.0,526.4727886379934,1,0,0.0,4
2,20.322544,1.0,157.13836156242414,1,1,-1.1368683772161603e-13,6
2,19.367013,1.0,198.66099006128982,1,0,-1.1368683772161603e-13,4
2,8.314249,1.0,263.39700761035016,1,1,0.0,6
2,89.295149,1.0,37.89486507227643,1,0,-3.552713678800501e-14,4
2,38.413361,1.0,106.02719958454558,1,0,-2.842170943040401e-14,4
2,154.910896,1.0,98.06214809626377,1,0,-4.973799150320701e-14,4
